Fitter report for SeguidorLinea_Brazo
Fri Jun 12 03:28:50 2026
Quartus II 64-Bit Version 13.0.1 Build 232 06/12/2013 Service Pack 1 SJ Web Edition


---------------------
; Table of Contents ;
---------------------
  1. Legal Notice
  2. Fitter Summary
  3. Fitter Settings
  4. Parallel Compilation
  5. Fitter Netlist Optimizations
  6. Incremental Compilation Preservation Summary
  7. Incremental Compilation Partition Settings
  8. Incremental Compilation Placement Preservation
  9. Pin-Out File
 10. Fitter Resource Usage Summary
 11. Fitter Partition Statistics
 12. Input Pins
 13. Output Pins
 14. Bidir Pins
 15. I/O Bank Usage
 16. All Package Pins
 17. Output Pin Default Load For Reported TCO
 18. Fitter Resource Utilization by Entity
 19. Delay Chain Summary
 20. Pad To Core Delay Chain Fanout
 21. Control Signals
 22. Global & Other Fast Signals
 23. Non-Global High Fan-Out Signals
 24. Fitter RAM Summary
 25. Fitter DSP Block Usage Summary
 26. DSP Block Details
 27. Other Routing Usage Summary
 28. LAB Logic Elements
 29. LAB-wide Signals
 30. LAB Signals Sourced
 31. LAB Signals Sourced Out
 32. LAB Distinct Inputs
 33. Fitter Device Options
 34. Operating Settings and Conditions
 35. Fitter Messages
 36. Fitter Suppressed Messages



----------------
; Legal Notice ;
----------------
Copyright (C) 1991-2013 Altera Corporation
Your use of Altera Corporation's design tools, logic functions 
and other software and tools, and its AMPP partner logic 
functions, and any output files from any of the foregoing 
(including device programming or simulation files), and any 
associated documentation or information are expressly subject 
to the terms and conditions of the Altera Program License 
Subscription Agreement, Altera MegaCore Function License 
Agreement, or other applicable license agreement, including, 
without limitation, that your use is for the sole purpose of 
programming logic devices manufactured by Altera and sold by 
Altera or its authorized distributors.  Please refer to the 
applicable agreement for further details.



+--------------------------------------------------------------------------------------+
; Fitter Summary                                                                       ;
+------------------------------------+-------------------------------------------------+
; Fitter Status                      ; Successful - Fri Jun 12 03:28:49 2026           ;
; Quartus II 64-Bit Version          ; 13.0.1 Build 232 06/12/2013 SP 1 SJ Web Edition ;
; Revision Name                      ; SeguidorLinea_Brazo                             ;
; Top-level Entity Name              ; SeguidorLinea_Brazo                             ;
; Family                             ; Cyclone II                                      ;
; Device                             ; EP2C5T144C7                                     ;
; Timing Models                      ; Final                                           ;
; Total logic elements               ; 4,556 / 4,608 ( 99 % )                          ;
;     Total combinational functions  ; 4,494 / 4,608 ( 98 % )                          ;
;     Dedicated logic registers      ; 1,094 / 4,608 ( 24 % )                          ;
; Total registers                    ; 1094                                            ;
; Total pins                         ; 18 / 89 ( 20 % )                                ;
; Total virtual pins                 ; 0                                               ;
; Total memory bits                  ; 1,024 / 119,808 ( < 1 % )                       ;
; Embedded Multiplier 9-bit elements ; 12 / 26 ( 46 % )                                ;
; Total PLLs                         ; 0 / 2 ( 0 % )                                   ;
+------------------------------------+-------------------------------------------------+


+----------------------------------------------------------------------------------------------------------------------------------------------+
; Fitter Settings                                                                                                                              ;
+----------------------------------------------------------------------------+--------------------------------+--------------------------------+
; Option                                                                     ; Setting                        ; Default Value                  ;
+----------------------------------------------------------------------------+--------------------------------+--------------------------------+
; Device                                                                     ; EP2C5T144C7                    ;                                ;
; Minimum Core Junction Temperature                                          ; 0                              ;                                ;
; Maximum Core Junction Temperature                                          ; 85                             ;                                ;
; Fit Attempts to Skip                                                       ; 0                              ; 0.0                            ;
; Device I/O Standard                                                        ; 3.3-V LVTTL                    ;                                ;
; Use smart compilation                                                      ; Off                            ; Off                            ;
; Enable parallel Assembler and TimeQuest Timing Analyzer during compilation ; On                             ; On                             ;
; Enable compact report table                                                ; Off                            ; Off                            ;
; Auto Merge PLLs                                                            ; On                             ; On                             ;
; Ignore PLL Mode When Merging PLLs                                          ; Off                            ; Off                            ;
; Router Timing Optimization Level                                           ; Normal                         ; Normal                         ;
; Placement Effort Multiplier                                                ; 1.0                            ; 1.0                            ;
; Router Effort Multiplier                                                   ; 1.0                            ; 1.0                            ;
; Always Enable Input Buffers                                                ; Off                            ; Off                            ;
; Optimize Hold Timing                                                       ; IO Paths and Minimum TPD Paths ; IO Paths and Minimum TPD Paths ;
; Optimize Multi-Corner Timing                                               ; On                             ; On                             ;
; PowerPlay Power Optimization                                               ; Normal compilation             ; Normal compilation             ;
; Optimize Timing                                                            ; Normal compilation             ; Normal compilation             ;
; Optimize Timing for ECOs                                                   ; Off                            ; Off                            ;
; Regenerate full fit report during ECO compiles                             ; Off                            ; Off                            ;
; Optimize IOC Register Placement for Timing                                 ; Normal                         ; Normal                         ;
; Limit to One Fitting Attempt                                               ; Off                            ; Off                            ;
; Final Placement Optimizations                                              ; Automatically                  ; Automatically                  ;
; Fitter Aggressive Routability Optimizations                                ; Automatically                  ; Automatically                  ;
; Fitter Initial Placement Seed                                              ; 1                              ; 1                              ;
; PCI I/O                                                                    ; Off                            ; Off                            ;
; Weak Pull-Up Resistor                                                      ; Off                            ; Off                            ;
; Enable Bus-Hold Circuitry                                                  ; Off                            ; Off                            ;
; Auto Global Memory Control Signals                                         ; Off                            ; Off                            ;
; Auto Packed Registers                                                      ; Auto                           ; Auto                           ;
; Auto Delay Chains                                                          ; On                             ; On                             ;
; Auto Delay Chains for High Fanout Input Pins                               ; Off                            ; Off                            ;
; Perform Physical Synthesis for Combinational Logic for Fitting             ; Off                            ; Off                            ;
; Perform Physical Synthesis for Combinational Logic for Performance         ; Off                            ; Off                            ;
; Perform Register Duplication for Performance                               ; Off                            ; Off                            ;
; Perform Logic to Memory Mapping for Fitting                                ; Off                            ; Off                            ;
; Perform Register Retiming for Performance                                  ; Off                            ; Off                            ;
; Perform Asynchronous Signal Pipelining                                     ; Off                            ; Off                            ;
; Fitter Effort                                                              ; Auto Fit                       ; Auto Fit                       ;
; Physical Synthesis Effort Level                                            ; Normal                         ; Normal                         ;
; Auto Global Clock                                                          ; On                             ; On                             ;
; Auto Global Register Control Signals                                       ; On                             ; On                             ;
; Force Fitter to Avoid Periphery Placement Warnings                         ; Off                            ; Off                            ;
+----------------------------------------------------------------------------+--------------------------------+--------------------------------+


Parallel compilation was disabled, but you have multiple processors available. Enable parallel compilation to reduce compilation time.
+-------------------------------------+
; Parallel Compilation                ;
+----------------------------+--------+
; Processors                 ; Number ;
+----------------------------+--------+
; Number detected on machine ; 12     ;
; Maximum allowed            ; 1      ;
+----------------------------+--------+


+---------------------------------------------------------------------------------------------------------------------------------------------------------------------------------------------------------------------------------------------------------------------------------+
; Fitter Netlist Optimizations                                                                                                                                                                                                                                                    ;
+---------------------------------------------------------+-----------------+------------------+---------------------+-----------+----------------+------------------------------------------------------------------------------------+------------------+-----------------------+
; Node                                                    ; Action          ; Operation        ; Reason              ; Node Port ; Node Port Name ; Destination Node                                                                   ; Destination Port ; Destination Port Name ;
+---------------------------------------------------------+-----------------+------------------+---------------------+-----------+----------------+------------------------------------------------------------------------------------+------------------+-----------------------+
; grab_ctrl:u_grab|kinematics:u_kin|r_fk[0]               ; Packed Register ; Register Packing ; Timing optimization ; REGOUT    ;                ; grab_ctrl:u_grab|kinematics:u_kin|lpm_mult:Mult3|mult_tit:auto_generated|mac_mult1 ; DATAA            ;                       ;
; grab_ctrl:u_grab|kinematics:u_kin|r_fk[0]               ; Duplicated      ; Register Packing ; Timing optimization ; REGOUT    ;                ; grab_ctrl:u_grab|kinematics:u_kin|r_fk[0]~_Duplicate_1                             ; REGOUT           ;                       ;
; grab_ctrl:u_grab|kinematics:u_kin|r_fk[0]~_Duplicate_1  ; Packed Register ; Register Packing ; Timing optimization ; REGOUT    ;                ; grab_ctrl:u_grab|kinematics:u_kin|lpm_mult:Mult2|mult_tit:auto_generated|mac_mult1 ; DATAA            ;                       ;
; grab_ctrl:u_grab|kinematics:u_kin|r_fk[1]               ; Packed Register ; Register Packing ; Timing optimization ; REGOUT    ;                ; grab_ctrl:u_grab|kinematics:u_kin|lpm_mult:Mult3|mult_tit:auto_generated|mac_mult1 ; DATAA            ;                       ;
; grab_ctrl:u_grab|kinematics:u_kin|r_fk[1]               ; Duplicated      ; Register Packing ; Timing optimization ; REGOUT    ;                ; grab_ctrl:u_grab|kinematics:u_kin|r_fk[1]~_Duplicate_1                             ; REGOUT           ;                       ;
; grab_ctrl:u_grab|kinematics:u_kin|r_fk[1]~_Duplicate_1  ; Packed Register ; Register Packing ; Timing optimization ; REGOUT    ;                ; grab_ctrl:u_grab|kinematics:u_kin|lpm_mult:Mult2|mult_tit:auto_generated|mac_mult1 ; DATAA            ;                       ;
; grab_ctrl:u_grab|kinematics:u_kin|r_fk[2]               ; Packed Register ; Register Packing ; Timing optimization ; REGOUT    ;                ; grab_ctrl:u_grab|kinematics:u_kin|lpm_mult:Mult3|mult_tit:auto_generated|mac_mult1 ; DATAA            ;                       ;
; grab_ctrl:u_grab|kinematics:u_kin|r_fk[2]               ; Duplicated      ; Register Packing ; Timing optimization ; REGOUT    ;                ; grab_ctrl:u_grab|kinematics:u_kin|r_fk[2]~_Duplicate_1                             ; REGOUT           ;                       ;
; grab_ctrl:u_grab|kinematics:u_kin|r_fk[2]~_Duplicate_1  ; Packed Register ; Register Packing ; Timing optimization ; REGOUT    ;                ; grab_ctrl:u_grab|kinematics:u_kin|lpm_mult:Mult2|mult_tit:auto_generated|mac_mult1 ; DATAA            ;                       ;
; grab_ctrl:u_grab|kinematics:u_kin|r_fk[3]               ; Packed Register ; Register Packing ; Timing optimization ; REGOUT    ;                ; grab_ctrl:u_grab|kinematics:u_kin|lpm_mult:Mult3|mult_tit:auto_generated|mac_mult1 ; DATAA            ;                       ;
; grab_ctrl:u_grab|kinematics:u_kin|r_fk[3]               ; Duplicated      ; Register Packing ; Timing optimization ; REGOUT    ;                ; grab_ctrl:u_grab|kinematics:u_kin|r_fk[3]~_Duplicate_1                             ; REGOUT           ;                       ;
; grab_ctrl:u_grab|kinematics:u_kin|r_fk[3]~_Duplicate_1  ; Packed Register ; Register Packing ; Timing optimization ; REGOUT    ;                ; grab_ctrl:u_grab|kinematics:u_kin|lpm_mult:Mult2|mult_tit:auto_generated|mac_mult1 ; DATAA            ;                       ;
; grab_ctrl:u_grab|kinematics:u_kin|r_fk[4]               ; Packed Register ; Register Packing ; Timing optimization ; REGOUT    ;                ; grab_ctrl:u_grab|kinematics:u_kin|lpm_mult:Mult3|mult_tit:auto_generated|mac_mult1 ; DATAA            ;                       ;
; grab_ctrl:u_grab|kinematics:u_kin|r_fk[4]               ; Duplicated      ; Register Packing ; Timing optimization ; REGOUT    ;                ; grab_ctrl:u_grab|kinematics:u_kin|r_fk[4]~_Duplicate_1                             ; REGOUT           ;                       ;
; grab_ctrl:u_grab|kinematics:u_kin|r_fk[4]~_Duplicate_1  ; Packed Register ; Register Packing ; Timing optimization ; REGOUT    ;                ; grab_ctrl:u_grab|kinematics:u_kin|lpm_mult:Mult2|mult_tit:auto_generated|mac_mult1 ; DATAA            ;                       ;
; grab_ctrl:u_grab|kinematics:u_kin|r_fk[5]               ; Packed Register ; Register Packing ; Timing optimization ; REGOUT    ;                ; grab_ctrl:u_grab|kinematics:u_kin|lpm_mult:Mult3|mult_tit:auto_generated|mac_mult1 ; DATAA            ;                       ;
; grab_ctrl:u_grab|kinematics:u_kin|r_fk[5]               ; Duplicated      ; Register Packing ; Timing optimization ; REGOUT    ;                ; grab_ctrl:u_grab|kinematics:u_kin|r_fk[5]~_Duplicate_1                             ; REGOUT           ;                       ;
; grab_ctrl:u_grab|kinematics:u_kin|r_fk[5]~_Duplicate_1  ; Packed Register ; Register Packing ; Timing optimization ; REGOUT    ;                ; grab_ctrl:u_grab|kinematics:u_kin|lpm_mult:Mult2|mult_tit:auto_generated|mac_mult1 ; DATAA            ;                       ;
; grab_ctrl:u_grab|kinematics:u_kin|r_fk[6]               ; Packed Register ; Register Packing ; Timing optimization ; REGOUT    ;                ; grab_ctrl:u_grab|kinematics:u_kin|lpm_mult:Mult3|mult_tit:auto_generated|mac_mult1 ; DATAA            ;                       ;
; grab_ctrl:u_grab|kinematics:u_kin|r_fk[6]               ; Duplicated      ; Register Packing ; Timing optimization ; REGOUT    ;                ; grab_ctrl:u_grab|kinematics:u_kin|r_fk[6]~_Duplicate_1                             ; REGOUT           ;                       ;
; grab_ctrl:u_grab|kinematics:u_kin|r_fk[6]~_Duplicate_1  ; Packed Register ; Register Packing ; Timing optimization ; REGOUT    ;                ; grab_ctrl:u_grab|kinematics:u_kin|lpm_mult:Mult2|mult_tit:auto_generated|mac_mult1 ; DATAA            ;                       ;
; grab_ctrl:u_grab|kinematics:u_kin|r_fk[7]               ; Packed Register ; Register Packing ; Timing optimization ; REGOUT    ;                ; grab_ctrl:u_grab|kinematics:u_kin|lpm_mult:Mult3|mult_tit:auto_generated|mac_mult1 ; DATAA            ;                       ;
; grab_ctrl:u_grab|kinematics:u_kin|r_fk[7]               ; Duplicated      ; Register Packing ; Timing optimization ; REGOUT    ;                ; grab_ctrl:u_grab|kinematics:u_kin|r_fk[7]~_Duplicate_1                             ; REGOUT           ;                       ;
; grab_ctrl:u_grab|kinematics:u_kin|r_fk[7]~_Duplicate_1  ; Packed Register ; Register Packing ; Timing optimization ; REGOUT    ;                ; grab_ctrl:u_grab|kinematics:u_kin|lpm_mult:Mult2|mult_tit:auto_generated|mac_mult1 ; DATAA            ;                       ;
; grab_ctrl:u_grab|kinematics:u_kin|r_fk[8]               ; Packed Register ; Register Packing ; Timing optimization ; REGOUT    ;                ; grab_ctrl:u_grab|kinematics:u_kin|lpm_mult:Mult3|mult_tit:auto_generated|mac_mult1 ; DATAA            ;                       ;
; grab_ctrl:u_grab|kinematics:u_kin|r_fk[8]               ; Duplicated      ; Register Packing ; Timing optimization ; REGOUT    ;                ; grab_ctrl:u_grab|kinematics:u_kin|r_fk[8]~_Duplicate_1                             ; REGOUT           ;                       ;
; grab_ctrl:u_grab|kinematics:u_kin|r_fk[8]~_Duplicate_1  ; Packed Register ; Register Packing ; Timing optimization ; REGOUT    ;                ; grab_ctrl:u_grab|kinematics:u_kin|lpm_mult:Mult2|mult_tit:auto_generated|mac_mult1 ; DATAA            ;                       ;
; grab_ctrl:u_grab|kinematics:u_kin|r_fk[9]               ; Packed Register ; Register Packing ; Timing optimization ; REGOUT    ;                ; grab_ctrl:u_grab|kinematics:u_kin|lpm_mult:Mult3|mult_tit:auto_generated|mac_mult1 ; DATAA            ;                       ;
; grab_ctrl:u_grab|kinematics:u_kin|r_fk[9]               ; Duplicated      ; Register Packing ; Timing optimization ; REGOUT    ;                ; grab_ctrl:u_grab|kinematics:u_kin|r_fk[9]~_Duplicate_1                             ; REGOUT           ;                       ;
; grab_ctrl:u_grab|kinematics:u_kin|r_fk[9]~_Duplicate_1  ; Packed Register ; Register Packing ; Timing optimization ; REGOUT    ;                ; grab_ctrl:u_grab|kinematics:u_kin|lpm_mult:Mult2|mult_tit:auto_generated|mac_mult1 ; DATAA            ;                       ;
; grab_ctrl:u_grab|kinematics:u_kin|r_fk[10]              ; Packed Register ; Register Packing ; Timing optimization ; REGOUT    ;                ; grab_ctrl:u_grab|kinematics:u_kin|lpm_mult:Mult3|mult_tit:auto_generated|mac_mult1 ; DATAA            ;                       ;
; grab_ctrl:u_grab|kinematics:u_kin|r_fk[10]              ; Duplicated      ; Register Packing ; Timing optimization ; REGOUT    ;                ; grab_ctrl:u_grab|kinematics:u_kin|r_fk[10]~_Duplicate_1                            ; REGOUT           ;                       ;
; grab_ctrl:u_grab|kinematics:u_kin|r_fk[10]~_Duplicate_1 ; Packed Register ; Register Packing ; Timing optimization ; REGOUT    ;                ; grab_ctrl:u_grab|kinematics:u_kin|lpm_mult:Mult2|mult_tit:auto_generated|mac_mult1 ; DATAA            ;                       ;
; grab_ctrl:u_grab|kinematics:u_kin|r_fk[11]              ; Packed Register ; Register Packing ; Timing optimization ; REGOUT    ;                ; grab_ctrl:u_grab|kinematics:u_kin|lpm_mult:Mult3|mult_tit:auto_generated|mac_mult1 ; DATAA            ;                       ;
; grab_ctrl:u_grab|kinematics:u_kin|r_fk[11]              ; Duplicated      ; Register Packing ; Timing optimization ; REGOUT    ;                ; grab_ctrl:u_grab|kinematics:u_kin|r_fk[11]~_Duplicate_1                            ; REGOUT           ;                       ;
; grab_ctrl:u_grab|kinematics:u_kin|r_fk[11]~_Duplicate_1 ; Packed Register ; Register Packing ; Timing optimization ; REGOUT    ;                ; grab_ctrl:u_grab|kinematics:u_kin|lpm_mult:Mult2|mult_tit:auto_generated|mac_mult1 ; DATAA            ;                       ;
; grab_ctrl:u_grab|kinematics:u_kin|r_fk[12]              ; Packed Register ; Register Packing ; Timing optimization ; REGOUT    ;                ; grab_ctrl:u_grab|kinematics:u_kin|lpm_mult:Mult3|mult_tit:auto_generated|mac_mult1 ; DATAA            ;                       ;
; grab_ctrl:u_grab|kinematics:u_kin|r_fk[12]              ; Duplicated      ; Register Packing ; Timing optimization ; REGOUT    ;                ; grab_ctrl:u_grab|kinematics:u_kin|r_fk[12]~_Duplicate_1                            ; REGOUT           ;                       ;
; grab_ctrl:u_grab|kinematics:u_kin|r_fk[12]~_Duplicate_1 ; Packed Register ; Register Packing ; Timing optimization ; REGOUT    ;                ; grab_ctrl:u_grab|kinematics:u_kin|lpm_mult:Mult2|mult_tit:auto_generated|mac_mult1 ; DATAA            ;                       ;
; grab_ctrl:u_grab|kinematics:u_kin|xi[18]                ; Packed Register ; Register Packing ; Timing optimization ; REGOUT    ;                ; grab_ctrl:u_grab|kinematics:u_kin|lpm_mult:Mult4|mult_imt:auto_generated|mac_mult3 ; DATAA            ;                       ;
; grab_ctrl:u_grab|kinematics:u_kin|xi[18]                ; Duplicated      ; Register Packing ; Timing optimization ; REGOUT    ;                ; grab_ctrl:u_grab|kinematics:u_kin|xi[18]~_Duplicate_1                              ; REGOUT           ;                       ;
; grab_ctrl:u_grab|kinematics:u_kin|xi[19]                ; Packed Register ; Register Packing ; Timing optimization ; REGOUT    ;                ; grab_ctrl:u_grab|kinematics:u_kin|lpm_mult:Mult4|mult_imt:auto_generated|mac_mult3 ; DATAA            ;                       ;
; grab_ctrl:u_grab|kinematics:u_kin|xi[19]                ; Duplicated      ; Register Packing ; Timing optimization ; REGOUT    ;                ; grab_ctrl:u_grab|kinematics:u_kin|xi[19]~_Duplicate_1                              ; REGOUT           ;                       ;
; grab_ctrl:u_grab|kinematics:u_kin|xi[20]                ; Packed Register ; Register Packing ; Timing optimization ; REGOUT    ;                ; grab_ctrl:u_grab|kinematics:u_kin|lpm_mult:Mult4|mult_imt:auto_generated|mac_mult3 ; DATAA            ;                       ;
; grab_ctrl:u_grab|kinematics:u_kin|xi[20]                ; Duplicated      ; Register Packing ; Timing optimization ; REGOUT    ;                ; grab_ctrl:u_grab|kinematics:u_kin|xi[20]~_Duplicate_1                              ; REGOUT           ;                       ;
; grab_ctrl:u_grab|kinematics:u_kin|xi[21]                ; Packed Register ; Register Packing ; Timing optimization ; REGOUT    ;                ; grab_ctrl:u_grab|kinematics:u_kin|lpm_mult:Mult4|mult_imt:auto_generated|mac_mult3 ; DATAA            ;                       ;
; grab_ctrl:u_grab|kinematics:u_kin|xi[21]                ; Duplicated      ; Register Packing ; Timing optimization ; REGOUT    ;                ; grab_ctrl:u_grab|kinematics:u_kin|xi[21]~_Duplicate_1                              ; REGOUT           ;                       ;
; grab_ctrl:u_grab|kinematics:u_kin|xi[22]                ; Packed Register ; Register Packing ; Timing optimization ; REGOUT    ;                ; grab_ctrl:u_grab|kinematics:u_kin|lpm_mult:Mult4|mult_imt:auto_generated|mac_mult3 ; DATAA            ;                       ;
; grab_ctrl:u_grab|kinematics:u_kin|xi[22]                ; Duplicated      ; Register Packing ; Timing optimization ; REGOUT    ;                ; grab_ctrl:u_grab|kinematics:u_kin|xi[22]~_Duplicate_1                              ; REGOUT           ;                       ;
; grab_ctrl:u_grab|kinematics:u_kin|xi[23]                ; Packed Register ; Register Packing ; Timing optimization ; REGOUT    ;                ; grab_ctrl:u_grab|kinematics:u_kin|lpm_mult:Mult4|mult_imt:auto_generated|mac_mult3 ; DATAA            ;                       ;
; grab_ctrl:u_grab|kinematics:u_kin|xi[23]                ; Duplicated      ; Register Packing ; Timing optimization ; REGOUT    ;                ; grab_ctrl:u_grab|kinematics:u_kin|xi[23]~_Duplicate_1                              ; REGOUT           ;                       ;
+---------------------------------------------------------+-----------------+------------------+---------------------+-----------+----------------+------------------------------------------------------------------------------------+------------------+-----------------------+


+----------------------------------------------+
; Incremental Compilation Preservation Summary ;
+---------------------+------------------------+
; Type                ; Value                  ;
+---------------------+------------------------+
; Placement (by node) ;                        ;
;     -- Requested    ; 0 / 5626 ( 0.00 % )    ;
;     -- Achieved     ; 0 / 5626 ( 0.00 % )    ;
;                     ;                        ;
; Routing (by net)    ;                        ;
;     -- Requested    ; 0 / 0 ( 0.00 % )       ;
;     -- Achieved     ; 0 / 0 ( 0.00 % )       ;
+---------------------+------------------------+


+----------------------------------------------------------------------------------------------------------------------------------------------------------------------------------------+
; Incremental Compilation Partition Settings                                                                                                                                             ;
+--------------------------------+----------------+-------------------+-------------------------+------------------------+------------------------------+--------------------------------+
; Partition Name                 ; Partition Type ; Netlist Type Used ; Preservation Level Used ; Netlist Type Requested ; Preservation Level Requested ; Contents                       ;
+--------------------------------+----------------+-------------------+-------------------------+------------------------+------------------------------+--------------------------------+
; Top                            ; User-created   ; Source File       ; N/A                     ; Source File            ; N/A                          ;                                ;
; hard_block:auto_generated_inst ; Auto-generated ; Source File       ; N/A                     ; Source File            ; N/A                          ; hard_block:auto_generated_inst ;
+--------------------------------+----------------+-------------------+-------------------------+------------------------+------------------------------+--------------------------------+


+------------------------------------------------------------------------------------------------------------+
; Incremental Compilation Placement Preservation                                                             ;
+--------------------------------+---------+-------------------+-------------------------+-------------------+
; Partition Name                 ; # Nodes ; # Preserved Nodes ; Preservation Level Used ; Netlist Type Used ;
+--------------------------------+---------+-------------------+-------------------------+-------------------+
; Top                            ; 5623    ; 0                 ; N/A                     ; Source File       ;
; hard_block:auto_generated_inst ; 3       ; 0                 ; N/A                     ; Source File       ;
+--------------------------------+---------+-------------------+-------------------------+-------------------+


+--------------+
; Pin-Out File ;
+--------------+
The pin-out file can be found in D:/SeguidorLinea_Brazo/Codigo/output_files/SeguidorLinea_Brazo.pin.


+-------------------------------------------------------------------------+
; Fitter Resource Usage Summary                                           ;
+---------------------------------------------+---------------------------+
; Resource                                    ; Usage                     ;
+---------------------------------------------+---------------------------+
; Total logic elements                        ; 4,556 / 4,608 ( 99 % )    ;
;     -- Combinational with no register       ; 3462                      ;
;     -- Register only                        ; 62                        ;
;     -- Combinational with a register        ; 1032                      ;
;                                             ;                           ;
; Logic element usage by number of LUT inputs ;                           ;
;     -- 4 input functions                    ; 2257                      ;
;     -- 3 input functions                    ; 1025                      ;
;     -- <=2 input functions                  ; 1212                      ;
;     -- Register only                        ; 62                        ;
;                                             ;                           ;
; Logic elements by mode                      ;                           ;
;     -- normal mode                          ; 3175                      ;
;     -- arithmetic mode                      ; 1319                      ;
;                                             ;                           ;
; Total registers*                            ; 1,094 / 4,851 ( 23 % )    ;
;     -- Dedicated logic registers            ; 1,094 / 4,608 ( 24 % )    ;
;     -- I/O registers                        ; 0 / 243 ( 0 % )           ;
;                                             ;                           ;
; Total LABs:  partially or completely used   ; 288 / 288 ( 100 % )       ;
; Virtual pins                                ; 0                         ;
; I/O pins                                    ; 18 / 89 ( 20 % )          ;
;     -- Clock pins                           ; 2 / 4 ( 50 % )            ;
;                                             ;                           ;
; Global signals                              ; 2                         ;
; M4Ks                                        ; 1 / 26 ( 4 % )            ;
; Total block memory bits                     ; 1,024 / 119,808 ( < 1 % ) ;
; Total block memory implementation bits      ; 4,608 / 119,808 ( 4 % )   ;
; Embedded Multiplier 9-bit elements          ; 12 / 26 ( 46 % )          ;
; PLLs                                        ; 0 / 2 ( 0 % )             ;
; Global clocks                               ; 2 / 8 ( 25 % )            ;
; JTAGs                                       ; 0 / 1 ( 0 % )             ;
; ASMI blocks                                 ; 0 / 1 ( 0 % )             ;
; CRC blocks                                  ; 0 / 1 ( 0 % )             ;
; Average interconnect usage (total/H/V)      ; 18% / 19% / 18%           ;
; Peak interconnect usage (total/H/V)         ; 22% / 22% / 22%           ;
; Maximum fan-out                             ; 1098                      ;
; Highest non-global fan-out                  ; 688                       ;
; Total fan-out                               ; 18587                     ;
; Average fan-out                             ; 3.28                      ;
+---------------------------------------------+---------------------------+
*  Register count does not include registers inside RAM blocks or DSP blocks.



+-----------------------------------------------------------------------------------------------------+
; Fitter Partition Statistics                                                                         ;
+---------------------------------------------+----------------------+--------------------------------+
; Statistic                                   ; Top                  ; hard_block:auto_generated_inst ;
+---------------------------------------------+----------------------+--------------------------------+
; Difficulty Clustering Region                ; Low                  ; Low                            ;
;                                             ;                      ;                                ;
; Total logic elements                        ; 4556 / 4608 ( 99 % ) ; 0 / 4608 ( 0 % )               ;
;     -- Combinational with no register       ; 3462                 ; 0                              ;
;     -- Register only                        ; 62                   ; 0                              ;
;     -- Combinational with a register        ; 1032                 ; 0                              ;
;                                             ;                      ;                                ;
; Logic element usage by number of LUT inputs ;                      ;                                ;
;     -- 4 input functions                    ; 2257                 ; 0                              ;
;     -- 3 input functions                    ; 1025                 ; 0                              ;
;     -- <=2 input functions                  ; 1212                 ; 0                              ;
;     -- Register only                        ; 62                   ; 0                              ;
;                                             ;                      ;                                ;
; Logic elements by mode                      ;                      ;                                ;
;     -- normal mode                          ; 3175                 ; 0                              ;
;     -- arithmetic mode                      ; 1319                 ; 0                              ;
;                                             ;                      ;                                ;
; Total registers                             ; 1094                 ; 0                              ;
;     -- Dedicated logic registers            ; 1094 / 4608 ( 24 % ) ; 0 / 4608 ( 0 % )               ;
;                                             ;                      ;                                ;
; Total LABs:  partially or completely used   ; 288 / 288 ( 100 % )  ; 0 / 288 ( 0 % )                ;
;                                             ;                      ;                                ;
; Virtual pins                                ; 0                    ; 0                              ;
; I/O pins                                    ; 18                   ; 0                              ;
; Embedded Multiplier 9-bit elements          ; 12 / 26 ( 46 % )     ; 0 / 26 ( 0 % )                 ;
; Total memory bits                           ; 1024                 ; 0                              ;
; Total RAM block bits                        ; 4608                 ; 0                              ;
; M4K                                         ; 1 / 26 ( 3 % )       ; 0 / 26 ( 0 % )                 ;
; Clock control block                         ; 2 / 10 ( 20 % )      ; 0 / 10 ( 0 % )                 ;
;                                             ;                      ;                                ;
; Connections                                 ;                      ;                                ;
;     -- Input Connections                    ; 0                    ; 0                              ;
;     -- Registered Input Connections         ; 0                    ; 0                              ;
;     -- Output Connections                   ; 0                    ; 0                              ;
;     -- Registered Output Connections        ; 0                    ; 0                              ;
;                                             ;                      ;                                ;
; Internal Connections                        ;                      ;                                ;
;     -- Total Connections                    ; 18830                ; 0                              ;
;     -- Registered Connections               ; 8288                 ; 0                              ;
;                                             ;                      ;                                ;
; External Connections                        ;                      ;                                ;
;     -- Top                                  ; 0                    ; 0                              ;
;     -- hard_block:auto_generated_inst       ; 0                    ; 0                              ;
;                                             ;                      ;                                ;
; Partition Interface                         ;                      ;                                ;
;     -- Input Ports                          ; 4                    ; 0                              ;
;     -- Output Ports                         ; 13                   ; 0                              ;
;     -- Bidir Ports                          ; 1                    ; 0                              ;
;                                             ;                      ;                                ;
; Registered Ports                            ;                      ;                                ;
;     -- Registered Input Ports               ; 0                    ; 0                              ;
;     -- Registered Output Ports              ; 0                    ; 0                              ;
;                                             ;                      ;                                ;
; Port Connectivity                           ;                      ;                                ;
;     -- Input Ports driven by GND            ; 0                    ; 0                              ;
;     -- Output Ports driven by GND           ; 0                    ; 0                              ;
;     -- Input Ports driven by VCC            ; 0                    ; 0                              ;
;     -- Output Ports driven by VCC           ; 0                    ; 0                              ;
;     -- Input Ports with no Source           ; 0                    ; 0                              ;
;     -- Output Ports with no Source          ; 0                    ; 0                              ;
;     -- Input Ports with no Fanout           ; 0                    ; 0                              ;
;     -- Output Ports with no Fanout          ; 0                    ; 0                              ;
+---------------------------------------------+----------------------+--------------------------------+


+------------------------------------------------------------------------------------------------------------------------------------------------------------------------------------------------------------------------------------------------------------------+
; Input Pins                                                                                                                                                                                                                                                       ;
+------------+-------+----------+--------------+--------------+-------------+-----------------------+--------------------+--------+----------------+---------------+-----------------+----------+--------------+--------------+-------------+----------------------+
; Name       ; Pin # ; I/O Bank ; X coordinate ; Y coordinate ; Cell number ; Combinational Fan-Out ; Registered Fan-Out ; Global ; Input Register ; Power Up High ; PCI I/O Enabled ; Bus Hold ; Weak Pull Up ; I/O Standard ; Termination ; Location assigned by ;
+------------+-------+----------+--------------+--------------+-------------+-----------------------+--------------------+--------+----------------+---------------+-----------------+----------+--------------+--------------+-------------+----------------------+
; clk        ; 17    ; 1        ; 0            ; 6            ; 0           ; 1                     ; 0                  ; yes    ; no             ; no            ; no              ; no       ; Off          ; 3.3-V LVTTL  ; Off         ; User                 ;
; reset      ; 144   ; 2        ; 1            ; 14           ; 3           ; 688                   ; 0                  ; no     ; no             ; no            ; no              ; no       ; On           ; 3.3-V LVTTL  ; Off         ; User                 ;
; sensor_der ; 90    ; 3        ; 28           ; 7            ; 1           ; 16                    ; 0                  ; no     ; no             ; no            ; no              ; no       ; Off          ; 3.3-V LVTTL  ; Off         ; User                 ;
; sensor_izq ; 92    ; 3        ; 28           ; 8            ; 1           ; 16                    ; 0                  ; no     ; no             ; no            ; no              ; no       ; Off          ; 3.3-V LVTTL  ; Off         ; User                 ;
+------------+-------+----------+--------------+--------------+-------------+-----------------------+--------------------+--------+----------------+---------------+-----------------+----------+--------------+--------------+-------------+----------------------+


+---------------------------------------------------------------------------------------------------------------------------------------------------------------------------------------------------------------------------------------------------------------------------------------------------------------------------------------------+
; Output Pins                                                                                                                                                                                                                                                                                                                                 ;
+---------------+-------+----------+--------------+--------------+-------------+-----------------+------------------------+---------------+-----------------+------------+---------------+----------+--------------+--------------+------------------+-------------+----------------------+------+----------------------+---------------------+
; Name          ; Pin # ; I/O Bank ; X coordinate ; Y coordinate ; Cell number ; Output Register ; Output Enable Register ; Power Up High ; PCI I/O Enabled ; Open Drain ; TRI Primitive ; Bus Hold ; Weak Pull Up ; I/O Standard ; Current Strength ; Termination ; Location assigned by ; Load ; Output Enable Source ; Output Enable Group ;
+---------------+-------+----------+--------------+--------------+-------------+-----------------+------------------------+---------------+-----------------+------------+---------------+----------+--------------+--------------+------------------+-------------+----------------------+------+----------------------+---------------------+
; i2c_scl       ; 142   ; 2        ; 1            ; 14           ; 1           ; no              ; no                     ; no            ; no              ; no         ; no            ; no       ; Off          ; 3.3-V LVTTL  ; 24mA             ; Off         ; User                 ; 0 pF ; -                    ; -                   ;
; led_1         ; 3     ; 1        ; 0            ; 13           ; 2           ; no              ; no                     ; no            ; no              ; no         ; no            ; no       ; Off          ; 3.3-V LVTTL  ; 24mA             ; Off         ; User                 ; 0 pF ; -                    ; -                   ;
; led_2         ; 7     ; 1        ; 0            ; 11           ; 1           ; no              ; no                     ; no            ; no              ; no         ; no            ; no       ; Off          ; 3.3-V LVTTL  ; 24mA             ; Off         ; User                 ; 0 pF ; -                    ; -                   ;
; led_3         ; 9     ; 1        ; 0            ; 11           ; 3           ; no              ; no                     ; no            ; no              ; no         ; no            ; no       ; Off          ; 3.3-V LVTTL  ; 24mA             ; Off         ; User                 ; 0 pF ; -                    ; -                   ;
; motor_a1      ; 4     ; 1        ; 0            ; 13           ; 3           ; no              ; no                     ; no            ; no              ; no         ; no            ; no       ; Off          ; 3.3-V LVTTL  ; 24mA             ; Off         ; User                 ; 0 pF ; -                    ; -                   ;
; motor_a2      ; 8     ; 1        ; 0            ; 11           ; 2           ; no              ; no                     ; no            ; no              ; no         ; no            ; no       ; Off          ; 3.3-V LVTTL  ; 24mA             ; Off         ; User                 ; 0 pF ; -                    ; -                   ;
; motor_b1      ; 31    ; 1        ; 0            ; 2            ; 3           ; no              ; no                     ; no            ; no              ; no         ; no            ; no       ; Off          ; 3.3-V LVTTL  ; 24mA             ; Off         ; User                 ; 0 pF ; -                    ; -                   ;
; motor_b2      ; 24    ; 1        ; 0            ; 5            ; 0           ; no              ; no                     ; no            ; no              ; no         ; no            ; no       ; Off          ; 3.3-V LVTTL  ; 24mA             ; Off         ; User                 ; 0 pF ; -                    ; -                   ;
; servo_gripper ; 134   ; 2        ; 7            ; 14           ; 1           ; no              ; no                     ; no            ; no              ; no         ; no            ; no       ; Off          ; 3.3-V LVTTL  ; 24mA             ; Off         ; User                 ; 0 pF ; -                    ; -                   ;
; servo_phi     ; 118   ; 2        ; 21           ; 14           ; 0           ; no              ; no                     ; no            ; no              ; no         ; no            ; no       ; Off          ; 3.3-V LVTTL  ; 24mA             ; Off         ; User                 ; 0 pF ; -                    ; -                   ;
; servo_theta1  ; 122   ; 2        ; 19           ; 14           ; 2           ; no              ; no                     ; no            ; no              ; no         ; no            ; no       ; Off          ; 3.3-V LVTTL  ; 24mA             ; Off         ; User                 ; 0 pF ; -                    ; -                   ;
; servo_theta2  ; 126   ; 2        ; 14           ; 14           ; 1           ; no              ; no                     ; no            ; no              ; no         ; no            ; no       ; Off          ; 3.3-V LVTTL  ; 24mA             ; Off         ; User                 ; 0 pF ; -                    ; -                   ;
; servo_theta3  ; 132   ; 2        ; 9            ; 14           ; 2           ; no              ; no                     ; no            ; no              ; no         ; no            ; no       ; Off          ; 3.3-V LVTTL  ; 24mA             ; Off         ; User                 ; 0 pF ; -                    ; -                   ;
+---------------+-------+----------+--------------+--------------+-------------+-----------------+------------------------+---------------+-----------------+------------+---------------+----------+--------------+--------------+------------------+-------------+----------------------+------+----------------------+---------------------+


+---------------------------------------------------------------------------------------------------------------------------------------------------------------------------------------------------------------------------------------------------------------------------------------------------------------------------------------------------------------------------------------------------------------+
; Bidir Pins                                                                                                                                                                                                                                                                                                                                                                                                    ;
+---------+-------+----------+--------------+--------------+-------------+-----------------------+--------------------+--------+----------------+-----------------+------------------------+---------------+-----------------+------------+----------+--------------+--------------+------------------+-------------+----------------------+------+---------------------------------------+---------------------+
; Name    ; Pin # ; I/O Bank ; X coordinate ; Y coordinate ; Cell number ; Combinational Fan-Out ; Registered Fan-Out ; Global ; Input Register ; Output Register ; Output Enable Register ; Power Up High ; PCI I/O Enabled ; Open Drain ; Bus Hold ; Weak Pull Up ; I/O Standard ; Current Strength ; Termination ; Location assigned by ; Load ; Output Enable Source                  ; Output Enable Group ;
+---------+-------+----------+--------------+--------------+-------------+-----------------------+--------------------+--------+----------------+-----------------+------------------------+---------------+-----------------+------------+----------+--------------+--------------+------------------+-------------+----------------------+------+---------------------------------------+---------------------+
; i2c_sda ; 136   ; 2        ; 3            ; 14           ; 1           ; 2                     ; 0                  ; no     ; no             ; no              ; no                     ; no            ; no              ; yes        ; no       ; Off          ; 3.3-V LVTTL  ; 24mA             ; Off         ; User                 ; 0 pF ; LIDAR:u_lidar|VL53L0X:u_VL53L0X|e_sda ; -                   ;
+---------+-------+----------+--------------+--------------+-------------+-----------------------+--------------------+--------+----------------+-----------------+------------------------+---------------+-----------------+------------+----------+--------------+--------------+------------------+-------------+----------------------+------+---------------------------------------+---------------------+


+------------------------------------------------------------+
; I/O Bank Usage                                             ;
+----------+------------------+---------------+--------------+
; I/O Bank ; Usage            ; VCCIO Voltage ; VREF Voltage ;
+----------+------------------+---------------+--------------+
; 1        ; 10 / 19 ( 53 % ) ; 3.3V          ; --           ;
; 2        ; 8 / 23 ( 35 % )  ; 3.3V          ; --           ;
; 3        ; 3 / 23 ( 13 % )  ; 3.3V          ; --           ;
; 4        ; 0 / 24 ( 0 % )   ; 3.3V          ; --           ;
+----------+------------------+---------------+--------------+


+------------------------------------------------------------------------------------------------------------------------------------------------------------------------+
; All Package Pins                                                                                                                                                       ;
+----------+------------+----------+------------------------------------------+--------+--------------+---------+------------+-----------------+----------+--------------+
; Location ; Pad Number ; I/O Bank ; Pin Name/Usage                           ; Dir.   ; I/O Standard ; Voltage ; I/O Type   ; User Assignment ; Bus Hold ; Weak Pull Up ;
+----------+------------+----------+------------------------------------------+--------+--------------+---------+------------+-----------------+----------+--------------+
; 1        ; 0          ; 1        ; ~ASDO~ / RESERVED_INPUT_WITH_WEAK_PULLUP ; input  ; 3.3-V LVTTL  ;         ; Row I/O    ; N               ; no       ; On           ;
; 2        ; 1          ; 1        ; ~nCSO~ / RESERVED_INPUT_WITH_WEAK_PULLUP ; input  ; 3.3-V LVTTL  ;         ; Row I/O    ; N               ; no       ; On           ;
; 3        ; 2          ; 1        ; led_1                                    ; output ; 3.3-V LVTTL  ;         ; Row I/O    ; Y               ; no       ; Off          ;
; 4        ; 3          ; 1        ; motor_a1                                 ; output ; 3.3-V LVTTL  ;         ; Row I/O    ; Y               ; no       ; Off          ;
; 5        ;            ; 1        ; VCCIO1                                   ; power  ;              ; 3.3V    ; --         ;                 ; --       ; --           ;
; 6        ;            ;          ; GND                                      ; gnd    ;              ;         ; --         ;                 ; --       ; --           ;
; 7        ; 10         ; 1        ; led_2                                    ; output ; 3.3-V LVTTL  ;         ; Row I/O    ; Y               ; no       ; Off          ;
; 8        ; 11         ; 1        ; motor_a2                                 ; output ; 3.3-V LVTTL  ;         ; Row I/O    ; Y               ; no       ; Off          ;
; 9        ; 12         ; 1        ; led_3                                    ; output ; 3.3-V LVTTL  ;         ; Row I/O    ; Y               ; no       ; Off          ;
; 10       ; 13         ; 1        ; #TDO                                     ; output ;              ;         ; --         ;                 ; --       ; --           ;
; 11       ; 14         ; 1        ; #TMS                                     ; input  ;              ;         ; --         ;                 ; --       ; --           ;
; 12       ; 15         ; 1        ; #TCK                                     ; input  ;              ;         ; --         ;                 ; --       ; --           ;
; 13       ; 16         ; 1        ; #TDI                                     ; input  ;              ;         ; --         ;                 ; --       ; --           ;
; 14       ; 17         ; 1        ; ^DATA0                                   ; input  ;              ;         ; --         ;                 ; --       ; --           ;
; 15       ; 18         ; 1        ; ^DCLK                                    ;        ;              ;         ; --         ;                 ; --       ; --           ;
; 16       ; 19         ; 1        ; ^nCE                                     ;        ;              ;         ; --         ;                 ; --       ; --           ;
; 17       ; 20         ; 1        ; clk                                      ; input  ; 3.3-V LVTTL  ;         ; Row I/O    ; Y               ; no       ; Off          ;
; 18       ; 21         ; 1        ; GND+                                     ;        ;              ;         ; Row I/O    ;                 ; --       ; --           ;
; 19       ;            ;          ; GND                                      ; gnd    ;              ;         ; --         ;                 ; --       ; --           ;
; 20       ; 22         ; 1        ; ^nCONFIG                                 ;        ;              ;         ; --         ;                 ; --       ; --           ;
; 21       ; 23         ; 1        ; GND+                                     ;        ;              ;         ; Row I/O    ;                 ; --       ; --           ;
; 22       ; 24         ; 1        ; GND+                                     ;        ;              ;         ; Row I/O    ;                 ; --       ; --           ;
; 23       ;            ; 1        ; VCCIO1                                   ; power  ;              ; 3.3V    ; --         ;                 ; --       ; --           ;
; 24       ; 25         ; 1        ; motor_b2                                 ; output ; 3.3-V LVTTL  ;         ; Row I/O    ; Y               ; no       ; Off          ;
; 25       ; 26         ; 1        ; GND*                                     ;        ;              ;         ; Row I/O    ;                 ; no       ; Off          ;
; 26       ; 27         ; 1        ; GND*                                     ;        ;              ;         ; Row I/O    ;                 ; no       ; Off          ;
; 27       ; 28         ; 1        ; GND*                                     ;        ;              ;         ; Row I/O    ;                 ; no       ; Off          ;
; 28       ; 32         ; 1        ; GND*                                     ;        ;              ;         ; Row I/O    ;                 ; --       ; --           ;
; 29       ;            ; 1        ; VCCIO1                                   ; power  ;              ; 3.3V    ; --         ;                 ; --       ; --           ;
; 30       ; 40         ; 1        ; GND*                                     ;        ;              ;         ; Row I/O    ;                 ; no       ; Off          ;
; 31       ; 41         ; 1        ; motor_b1                                 ; output ; 3.3-V LVTTL  ;         ; Row I/O    ; Y               ; no       ; Off          ;
; 32       ; 42         ; 1        ; GND*                                     ;        ;              ;         ; Row I/O    ;                 ; no       ; Off          ;
; 33       ;            ;          ; GND                                      ; gnd    ;              ;         ; --         ;                 ; --       ; --           ;
; 34       ;            ;          ; GND_PLL1                                 ; gnd    ;              ;         ; --         ;                 ; --       ; --           ;
; 35       ;            ;          ; VCCD_PLL1                                ; power  ;              ; 1.2V    ; --         ;                 ; --       ; --           ;
; 36       ;            ;          ; GND_PLL1                                 ; gnd    ;              ;         ; --         ;                 ; --       ; --           ;
; 37       ;            ;          ; VCCA_PLL1                                ; power  ;              ; 1.2V    ; --         ;                 ; --       ; --           ;
; 38       ;            ;          ; GNDA_PLL1                                ; gnd    ;              ;         ; --         ;                 ; --       ; --           ;
; 39       ;            ;          ; GND                                      ; gnd    ;              ;         ; --         ;                 ; --       ; --           ;
; 40       ; 43         ; 4        ; GND*                                     ;        ;              ;         ; Column I/O ;                 ; no       ; Off          ;
; 41       ; 44         ; 4        ; GND*                                     ;        ;              ;         ; Column I/O ;                 ; no       ; Off          ;
; 42       ; 45         ; 4        ; GND*                                     ;        ;              ;         ; Column I/O ;                 ; no       ; Off          ;
; 43       ; 46         ; 4        ; GND*                                     ;        ;              ;         ; Column I/O ;                 ; no       ; Off          ;
; 44       ; 47         ; 4        ; GND*                                     ;        ;              ;         ; Column I/O ;                 ; no       ; Off          ;
; 45       ; 48         ; 4        ; GND*                                     ;        ;              ;         ; Column I/O ;                 ; no       ; Off          ;
; 46       ;            ; 4        ; VCCIO4                                   ; power  ;              ; 3.3V    ; --         ;                 ; --       ; --           ;
; 47       ; 49         ; 4        ; GND*                                     ;        ;              ;         ; Column I/O ;                 ; no       ; Off          ;
; 48       ; 50         ; 4        ; GND*                                     ;        ;              ;         ; Column I/O ;                 ; no       ; Off          ;
; 49       ;            ;          ; GND                                      ; gnd    ;              ;         ; --         ;                 ; --       ; --           ;
; 50       ;            ;          ; VCCINT                                   ; power  ;              ; 1.2V    ; --         ;                 ; --       ; --           ;
; 51       ; 52         ; 4        ; GND*                                     ;        ;              ;         ; Column I/O ;                 ; --       ; --           ;
; 52       ; 53         ; 4        ; GND*                                     ;        ;              ;         ; Column I/O ;                 ; no       ; Off          ;
; 53       ; 57         ; 4        ; GND*                                     ;        ;              ;         ; Column I/O ;                 ; no       ; Off          ;
; 54       ;            ; 4        ; VCCIO4                                   ; power  ;              ; 3.3V    ; --         ;                 ; --       ; --           ;
; 55       ; 58         ; 4        ; GND*                                     ;        ;              ;         ; Column I/O ;                 ; no       ; Off          ;
; 56       ;            ;          ; GND                                      ; gnd    ;              ;         ; --         ;                 ; --       ; --           ;
; 57       ; 59         ; 4        ; GND*                                     ;        ;              ;         ; Column I/O ;                 ; no       ; Off          ;
; 58       ; 60         ; 4        ; GND*                                     ;        ;              ;         ; Column I/O ;                 ; no       ; Off          ;
; 59       ; 63         ; 4        ; GND*                                     ;        ;              ;         ; Column I/O ;                 ; no       ; Off          ;
; 60       ; 64         ; 4        ; GND*                                     ;        ;              ;         ; Column I/O ;                 ; no       ; Off          ;
; 61       ;            ;          ; GND                                      ; gnd    ;              ;         ; --         ;                 ; --       ; --           ;
; 62       ;            ;          ; VCCINT                                   ; power  ;              ; 1.2V    ; --         ;                 ; --       ; --           ;
; 63       ; 72         ; 4        ; GND*                                     ;        ;              ;         ; Column I/O ;                 ; --       ; --           ;
; 64       ; 75         ; 4        ; GND*                                     ;        ;              ;         ; Column I/O ;                 ; no       ; Off          ;
; 65       ; 76         ; 4        ; GND*                                     ;        ;              ;         ; Column I/O ;                 ; no       ; Off          ;
; 66       ;            ; 4        ; VCCIO4                                   ; power  ;              ; 3.3V    ; --         ;                 ; --       ; --           ;
; 67       ; 79         ; 4        ; GND*                                     ;        ;              ;         ; Column I/O ;                 ; no       ; Off          ;
; 68       ;            ;          ; GND                                      ; gnd    ;              ;         ; --         ;                 ; --       ; --           ;
; 69       ; 80         ; 4        ; GND*                                     ;        ;              ;         ; Column I/O ;                 ; no       ; Off          ;
; 70       ; 81         ; 4        ; GND*                                     ;        ;              ;         ; Column I/O ;                 ; no       ; Off          ;
; 71       ; 82         ; 4        ; GND*                                     ;        ;              ;         ; Column I/O ;                 ; no       ; Off          ;
; 72       ; 83         ; 4        ; GND*                                     ;        ;              ;         ; Column I/O ;                 ; no       ; Off          ;
; 73       ; 84         ; 3        ; GND*                                     ;        ;              ;         ; Row I/O    ;                 ; no       ; Off          ;
; 74       ; 85         ; 3        ; GND*                                     ;        ;              ;         ; Row I/O    ;                 ; no       ; Off          ;
; 75       ; 86         ; 3        ; GND*                                     ;        ;              ;         ; Row I/O    ;                 ; no       ; Off          ;
; 76       ; 87         ; 3        ; ~LVDS41p/nCEO~                           ; output ; 3.3-V LVTTL  ;         ; Row I/O    ; N               ; no       ; Off          ;
; 77       ;            ; 3        ; VCCIO3                                   ; power  ;              ; 3.3V    ; --         ;                 ; --       ; --           ;
; 78       ;            ;          ; GND                                      ; gnd    ;              ;         ; --         ;                 ; --       ; --           ;
; 79       ; 95         ; 3        ; GND*                                     ;        ;              ;         ; Row I/O    ;                 ; --       ; --           ;
; 80       ; 97         ; 3        ; GND*                                     ;        ;              ;         ; Row I/O    ;                 ; no       ; Off          ;
; 81       ; 98         ; 3        ; GND*                                     ;        ;              ;         ; Row I/O    ;                 ; no       ; Off          ;
; 82       ; 99         ; 3        ; ^nSTATUS                                 ;        ;              ;         ; --         ;                 ; --       ; --           ;
; 83       ; 100        ; 3        ; ^CONF_DONE                               ;        ;              ;         ; --         ;                 ; --       ; --           ;
; 84       ; 101        ; 3        ; ^MSEL1                                   ;        ;              ;         ; --         ;                 ; --       ; --           ;
; 85       ; 102        ; 3        ; ^MSEL0                                   ;        ;              ;         ; --         ;                 ; --       ; --           ;
; 86       ; 103        ; 3        ; GND*                                     ;        ;              ;         ; Row I/O    ;                 ; no       ; Off          ;
; 87       ; 104        ; 3        ; GND*                                     ;        ;              ;         ; Row I/O    ;                 ; no       ; Off          ;
; 88       ; 105        ; 3        ; GND+                                     ;        ;              ;         ; Row I/O    ;                 ; --       ; --           ;
; 89       ; 106        ; 3        ; GND+                                     ;        ;              ;         ; Row I/O    ;                 ; --       ; --           ;
; 90       ; 107        ; 3        ; sensor_der                               ; input  ; 3.3-V LVTTL  ;         ; Row I/O    ; Y               ; no       ; Off          ;
; 91       ; 108        ; 3        ; GND+                                     ;        ;              ;         ; Row I/O    ;                 ; --       ; --           ;
; 92       ; 109        ; 3        ; sensor_izq                               ; input  ; 3.3-V LVTTL  ;         ; Row I/O    ; Y               ; no       ; Off          ;
; 93       ; 110        ; 3        ; GND*                                     ;        ;              ;         ; Row I/O    ;                 ; no       ; Off          ;
; 94       ; 111        ; 3        ; GND*                                     ;        ;              ;         ; Row I/O    ;                 ; no       ; Off          ;
; 95       ;            ; 3        ; VCCIO3                                   ; power  ;              ; 3.3V    ; --         ;                 ; --       ; --           ;
; 96       ; 112        ; 3        ; GND*                                     ;        ;              ;         ; Row I/O    ;                 ; no       ; Off          ;
; 97       ; 113        ; 3        ; GND*                                     ;        ;              ;         ; Row I/O    ;                 ; no       ; Off          ;
; 98       ;            ;          ; GND                                      ; gnd    ;              ;         ; --         ;                 ; --       ; --           ;
; 99       ; 119        ; 3        ; GND*                                     ;        ;              ;         ; Row I/O    ;                 ; --       ; --           ;
; 100      ; 120        ; 3        ; GND*                                     ;        ;              ;         ; Row I/O    ;                 ; no       ; Off          ;
; 101      ; 121        ; 3        ; GND*                                     ;        ;              ;         ; Row I/O    ;                 ; no       ; Off          ;
; 102      ;            ; 3        ; VCCIO3                                   ; power  ;              ; 3.3V    ; --         ;                 ; --       ; --           ;
; 103      ; 125        ; 3        ; GND*                                     ;        ;              ;         ; Row I/O    ;                 ; no       ; Off          ;
; 104      ; 126        ; 3        ; GND*                                     ;        ;              ;         ; Row I/O    ;                 ; no       ; Off          ;
; 105      ;            ;          ; GND                                      ; gnd    ;              ;         ; --         ;                 ; --       ; --           ;
; 106      ;            ;          ; GND_PLL2                                 ; gnd    ;              ;         ; --         ;                 ; --       ; --           ;
; 107      ;            ;          ; VCCD_PLL2                                ; power  ;              ; 1.2V    ; --         ;                 ; --       ; --           ;
; 108      ;            ;          ; GND_PLL2                                 ; gnd    ;              ;         ; --         ;                 ; --       ; --           ;
; 109      ;            ;          ; VCCA_PLL2                                ; power  ;              ; 1.2V    ; --         ;                 ; --       ; --           ;
; 110      ;            ;          ; GNDA_PLL2                                ; gnd    ;              ;         ; --         ;                 ; --       ; --           ;
; 111      ;            ;          ; GND                                      ; gnd    ;              ;         ; --         ;                 ; --       ; --           ;
; 112      ; 127        ; 2        ; GND*                                     ;        ;              ;         ; Column I/O ;                 ; no       ; Off          ;
; 113      ; 128        ; 2        ; GND*                                     ;        ;              ;         ; Column I/O ;                 ; no       ; Off          ;
; 114      ; 129        ; 2        ; GND*                                     ;        ;              ;         ; Column I/O ;                 ; no       ; Off          ;
; 115      ; 130        ; 2        ; GND*                                     ;        ;              ;         ; Column I/O ;                 ; no       ; Off          ;
; 116      ;            ; 2        ; VCCIO2                                   ; power  ;              ; 3.3V    ; --         ;                 ; --       ; --           ;
; 117      ;            ;          ; GND                                      ; gnd    ;              ;         ; --         ;                 ; --       ; --           ;
; 118      ; 134        ; 2        ; servo_phi                                ; output ; 3.3-V LVTTL  ;         ; Column I/O ; Y               ; no       ; Off          ;
; 119      ; 135        ; 2        ; GND*                                     ;        ;              ;         ; Column I/O ;                 ; no       ; Off          ;
; 120      ; 137        ; 2        ; GND*                                     ;        ;              ;         ; Column I/O ;                 ; --       ; --           ;
; 121      ; 138        ; 2        ; GND*                                     ;        ;              ;         ; Column I/O ;                 ; no       ; Off          ;
; 122      ; 139        ; 2        ; servo_theta1                             ; output ; 3.3-V LVTTL  ;         ; Column I/O ; Y               ; no       ; Off          ;
; 123      ;            ;          ; GND                                      ; gnd    ;              ;         ; --         ;                 ; --       ; --           ;
; 124      ;            ;          ; VCCINT                                   ; power  ;              ; 1.2V    ; --         ;                 ; --       ; --           ;
; 125      ; 144        ; 2        ; GND*                                     ;        ;              ;         ; Column I/O ;                 ; no       ; Off          ;
; 126      ; 145        ; 2        ; servo_theta2                             ; output ; 3.3-V LVTTL  ;         ; Column I/O ; Y               ; no       ; Off          ;
; 127      ;            ; 2        ; VCCIO2                                   ; power  ;              ; 3.3V    ; --         ;                 ; --       ; --           ;
; 128      ;            ;          ; GND                                      ; gnd    ;              ;         ; --         ;                 ; --       ; --           ;
; 129      ; 148        ; 2        ; GND*                                     ;        ;              ;         ; Column I/O ;                 ; no       ; Off          ;
; 130      ;            ;          ; GND                                      ; gnd    ;              ;         ; --         ;                 ; --       ; --           ;
; 131      ;            ;          ; VCCINT                                   ; power  ;              ; 1.2V    ; --         ;                 ; --       ; --           ;
; 132      ; 153        ; 2        ; servo_theta3                             ; output ; 3.3-V LVTTL  ;         ; Column I/O ; Y               ; no       ; Off          ;
; 133      ; 154        ; 2        ; GND*                                     ;        ;              ;         ; Column I/O ;                 ; no       ; Off          ;
; 134      ; 155        ; 2        ; servo_gripper                            ; output ; 3.3-V LVTTL  ;         ; Column I/O ; Y               ; no       ; Off          ;
; 135      ; 162        ; 2        ; GND*                                     ;        ;              ;         ; Column I/O ;                 ; no       ; Off          ;
; 136      ; 163        ; 2        ; i2c_sda                                  ; bidir  ; 3.3-V LVTTL  ;         ; Column I/O ; Y               ; no       ; Off          ;
; 137      ; 164        ; 2        ; GND*                                     ;        ;              ;         ; Column I/O ;                 ; no       ; Off          ;
; 138      ;            ; 2        ; VCCIO2                                   ; power  ;              ; 3.3V    ; --         ;                 ; --       ; --           ;
; 139      ; 165        ; 2        ; GND*                                     ;        ;              ;         ; Column I/O ;                 ; no       ; Off          ;
; 140      ;            ;          ; GND                                      ; gnd    ;              ;         ; --         ;                 ; --       ; --           ;
; 141      ; 166        ; 2        ; GND*                                     ;        ;              ;         ; Column I/O ;                 ; no       ; Off          ;
; 142      ; 167        ; 2        ; i2c_scl                                  ; output ; 3.3-V LVTTL  ;         ; Column I/O ; Y               ; no       ; Off          ;
; 143      ; 168        ; 2        ; GND*                                     ;        ;              ;         ; Column I/O ;                 ; no       ; Off          ;
; 144      ; 169        ; 2        ; reset                                    ; input  ; 3.3-V LVTTL  ;         ; Column I/O ; Y               ; no       ; On           ;
+----------+------------+----------+------------------------------------------+--------+--------------+---------+------------+-----------------+----------+--------------+
Note: Pin directions (input, output or bidir) are based on device operating in user mode.


+-------------------------------------------------------------------------------+
; Output Pin Default Load For Reported TCO                                      ;
+----------------------------------+-------+------------------------------------+
; I/O Standard                     ; Load  ; Termination Resistance             ;
+----------------------------------+-------+------------------------------------+
; 3.3-V LVTTL                      ; 0 pF  ; Not Available                      ;
; 3.3-V LVCMOS                     ; 0 pF  ; Not Available                      ;
; 2.5 V                            ; 0 pF  ; Not Available                      ;
; 1.8 V                            ; 0 pF  ; Not Available                      ;
; 1.5 V                            ; 0 pF  ; Not Available                      ;
; 3.3-V PCI                        ; 10 pF ; 25 Ohm (Parallel)                  ;
; 3.3-V PCI-X                      ; 10 pF ; 25 Ohm (Parallel)                  ;
; SSTL-2 Class I                   ; 0 pF  ; 50 Ohm (Parallel), 25 Ohm (Serial) ;
; SSTL-2 Class II                  ; 0 pF  ; 25 Ohm (Parallel), 25 Ohm (Serial) ;
; SSTL-18 Class I                  ; 0 pF  ; 50 Ohm (Parallel), 25 Ohm (Serial) ;
; SSTL-18 Class II                 ; 0 pF  ; 25 Ohm (Parallel), 25 Ohm (Serial) ;
; 1.5-V HSTL Class I               ; 0 pF  ; 50 Ohm (Parallel)                  ;
; 1.5-V HSTL Class II              ; 0 pF  ; 25 Ohm (Parallel)                  ;
; 1.8-V HSTL Class I               ; 0 pF  ; 50 Ohm (Parallel)                  ;
; 1.8-V HSTL Class II              ; 0 pF  ; 25 Ohm (Parallel)                  ;
; Differential SSTL-2              ; 0 pF  ; (See SSTL-2)                       ;
; Differential 2.5-V SSTL Class II ; 0 pF  ; (See SSTL-2 Class II)              ;
; Differential 1.8-V SSTL Class I  ; 0 pF  ; (See 1.8-V SSTL Class I)           ;
; Differential 1.8-V SSTL Class II ; 0 pF  ; (See 1.8-V SSTL Class II)          ;
; Differential 1.5-V HSTL Class I  ; 0 pF  ; (See 1.5-V HSTL Class I)           ;
; Differential 1.5-V HSTL Class II ; 0 pF  ; (See 1.5-V HSTL Class II)          ;
; Differential 1.8-V HSTL Class I  ; 0 pF  ; (See 1.8-V HSTL Class I)           ;
; Differential 1.8-V HSTL Class II ; 0 pF  ; (See 1.8-V HSTL Class II)          ;
; LVDS                             ; 0 pF  ; 100 Ohm (Differential)             ;
; mini-LVDS                        ; 0 pF  ; 100 Ohm (Differential)             ;
; RSDS                             ; 0 pF  ; 100 Ohm (Differential)             ;
; Simple RSDS                      ; 0 pF  ; Not Available                      ;
; Differential LVPECL              ; 0 pF  ; 100 Ohm (Differential)             ;
+----------------------------------+-------+------------------------------------+
Note: User assignments will override these defaults. The user specified values are listed in the Output Pins and Bidir Pins tables.


+---------------------------------------------------------------------------------------------------------------------------------------------------------------------------------------------------------------------------------------------------------------------------------------------------------------------------------------------------------------------------+
; Fitter Resource Utilization by Entity                                                                                                                                                                                                                                                                                                                                     ;
+----------------------------------------------+-------------+---------------------------+---------------+-------------+------+--------------+---------+-----------+------+--------------+--------------+-------------------+------------------+-------------------------------------------------------------------------------------------------------------+--------------+
; Compilation Hierarchy Node                   ; Logic Cells ; Dedicated Logic Registers ; I/O Registers ; Memory Bits ; M4Ks ; DSP Elements ; DSP 9x9 ; DSP 18x18 ; Pins ; Virtual Pins ; LUT-Only LCs ; Register-Only LCs ; LUT/Register LCs ; Full Hierarchy Name                                                                                         ; Library Name ;
+----------------------------------------------+-------------+---------------------------+---------------+-------------+------+--------------+---------+-----------+------+--------------+--------------+-------------------+------------------+-------------------------------------------------------------------------------------------------------------+--------------+
; |SeguidorLinea_Brazo                         ; 4556 (9)    ; 1094 (0)                  ; 0 (0)         ; 1024        ; 1    ; 12           ; 0       ; 6         ; 18   ; 0            ; 3462 (9)     ; 62 (0)            ; 1032 (0)         ; |SeguidorLinea_Brazo                                                                                        ; work         ;
;    |LIDAR:u_lidar|                           ; 990 (435)   ; 456 (189)                 ; 0 (0)         ; 0           ; 0    ; 0            ; 0       ; 0         ; 0    ; 0            ; 533 (245)    ; 57 (6)            ; 400 (184)        ; |SeguidorLinea_Brazo|LIDAR:u_lidar                                                                          ; work         ;
;       |VL53L0X:u_VL53L0X|                    ; 555 (555)   ; 267 (267)                 ; 0 (0)         ; 0           ; 0    ; 0            ; 0       ; 0         ; 0    ; 0            ; 288 (288)    ; 51 (51)           ; 216 (216)        ; |SeguidorLinea_Brazo|LIDAR:u_lidar|VL53L0X:u_VL53L0X                                                        ; work         ;
;    |MaquinaEstados:u_me|                     ; 599 (535)   ; 228 (201)                 ; 0 (0)         ; 0           ; 0    ; 0            ; 0       ; 0         ; 0    ; 0            ; 371 (334)    ; 1 (1)             ; 227 (200)        ; |SeguidorLinea_Brazo|MaquinaEstados:u_me                                                                    ; work         ;
;       |pivote:u_piv|                         ; 64 (64)     ; 27 (27)                   ; 0 (0)         ; 0           ; 0    ; 0            ; 0       ; 0         ; 0    ; 0            ; 37 (37)      ; 0 (0)             ; 27 (27)          ; |SeguidorLinea_Brazo|MaquinaEstados:u_me|pivote:u_piv                                                       ; work         ;
;    |grab_ctrl:u_grab|                        ; 2035 (131)  ; 292 (71)                  ; 0 (0)         ; 1024        ; 1    ; 12           ; 0       ; 6         ; 0    ; 0            ; 1736 (55)    ; 4 (0)             ; 295 (75)         ; |SeguidorLinea_Brazo|grab_ctrl:u_grab                                                                       ; work         ;
;       |kinematics:u_kin|                     ; 1910 (1845) ; 221 (221)                 ; 0 (0)         ; 1024        ; 1    ; 12           ; 0       ; 6         ; 0    ; 0            ; 1681 (1618)  ; 4 (4)             ; 225 (223)        ; |SeguidorLinea_Brazo|grab_ctrl:u_grab|kinematics:u_kin                                                      ; work         ;
;          |altsyncram:Mux2_rtl_0|             ; 0 (0)       ; 0 (0)                     ; 0 (0)         ; 1024        ; 1    ; 0            ; 0       ; 0         ; 0    ; 0            ; 0 (0)        ; 0 (0)             ; 0 (0)            ; |SeguidorLinea_Brazo|grab_ctrl:u_grab|kinematics:u_kin|altsyncram:Mux2_rtl_0                                ; work         ;
;             |altsyncram_hu11:auto_generated| ; 0 (0)       ; 0 (0)                     ; 0 (0)         ; 1024        ; 1    ; 0            ; 0       ; 0         ; 0    ; 0            ; 0 (0)        ; 0 (0)             ; 0 (0)            ; |SeguidorLinea_Brazo|grab_ctrl:u_grab|kinematics:u_kin|altsyncram:Mux2_rtl_0|altsyncram_hu11:auto_generated ; work         ;
;          |lpm_add_sub:Add34|                 ; 39 (0)      ; 0 (0)                     ; 0 (0)         ; 0           ; 0    ; 0            ; 0       ; 0         ; 0    ; 0            ; 39 (0)       ; 0 (0)             ; 0 (0)            ; |SeguidorLinea_Brazo|grab_ctrl:u_grab|kinematics:u_kin|lpm_add_sub:Add34                                    ; work         ;
;             |add_sub_8ri:auto_generated|     ; 39 (39)     ; 0 (0)                     ; 0 (0)         ; 0           ; 0    ; 0            ; 0       ; 0         ; 0    ; 0            ; 39 (39)      ; 0 (0)             ; 0 (0)            ; |SeguidorLinea_Brazo|grab_ctrl:u_grab|kinematics:u_kin|lpm_add_sub:Add34|add_sub_8ri:auto_generated         ; work         ;
;          |lpm_mult:Mult0|                    ; 0 (0)       ; 0 (0)                     ; 0 (0)         ; 0           ; 0    ; 2            ; 0       ; 1         ; 0    ; 0            ; 0 (0)        ; 0 (0)             ; 0 (0)            ; |SeguidorLinea_Brazo|grab_ctrl:u_grab|kinematics:u_kin|lpm_mult:Mult0                                       ; work         ;
;             |mult_0lt:auto_generated|        ; 0 (0)       ; 0 (0)                     ; 0 (0)         ; 0           ; 0    ; 2            ; 0       ; 1         ; 0    ; 0            ; 0 (0)        ; 0 (0)             ; 0 (0)            ; |SeguidorLinea_Brazo|grab_ctrl:u_grab|kinematics:u_kin|lpm_mult:Mult0|mult_0lt:auto_generated               ; work         ;
;          |lpm_mult:Mult1|                    ; 0 (0)       ; 0 (0)                     ; 0 (0)         ; 0           ; 0    ; 2            ; 0       ; 1         ; 0    ; 0            ; 0 (0)        ; 0 (0)             ; 0 (0)            ; |SeguidorLinea_Brazo|grab_ctrl:u_grab|kinematics:u_kin|lpm_mult:Mult1                                       ; work         ;
;             |mult_0lt:auto_generated|        ; 0 (0)       ; 0 (0)                     ; 0 (0)         ; 0           ; 0    ; 2            ; 0       ; 1         ; 0    ; 0            ; 0 (0)        ; 0 (0)             ; 0 (0)            ; |SeguidorLinea_Brazo|grab_ctrl:u_grab|kinematics:u_kin|lpm_mult:Mult1|mult_0lt:auto_generated               ; work         ;
;          |lpm_mult:Mult2|                    ; 0 (0)       ; 0 (0)                     ; 0 (0)         ; 0           ; 0    ; 2            ; 0       ; 1         ; 0    ; 0            ; 0 (0)        ; 0 (0)             ; 0 (0)            ; |SeguidorLinea_Brazo|grab_ctrl:u_grab|kinematics:u_kin|lpm_mult:Mult2                                       ; work         ;
;             |mult_tit:auto_generated|        ; 0 (0)       ; 0 (0)                     ; 0 (0)         ; 0           ; 0    ; 2            ; 0       ; 1         ; 0    ; 0            ; 0 (0)        ; 0 (0)             ; 0 (0)            ; |SeguidorLinea_Brazo|grab_ctrl:u_grab|kinematics:u_kin|lpm_mult:Mult2|mult_tit:auto_generated               ; work         ;
;          |lpm_mult:Mult3|                    ; 0 (0)       ; 0 (0)                     ; 0 (0)         ; 0           ; 0    ; 2            ; 0       ; 1         ; 0    ; 0            ; 0 (0)        ; 0 (0)             ; 0 (0)            ; |SeguidorLinea_Brazo|grab_ctrl:u_grab|kinematics:u_kin|lpm_mult:Mult3                                       ; work         ;
;             |mult_tit:auto_generated|        ; 0 (0)       ; 0 (0)                     ; 0 (0)         ; 0           ; 0    ; 2            ; 0       ; 1         ; 0    ; 0            ; 0 (0)        ; 0 (0)             ; 0 (0)            ; |SeguidorLinea_Brazo|grab_ctrl:u_grab|kinematics:u_kin|lpm_mult:Mult3|mult_tit:auto_generated               ; work         ;
;          |lpm_mult:Mult4|                    ; 26 (0)      ; 0 (0)                     ; 0 (0)         ; 0           ; 0    ; 4            ; 0       ; 2         ; 0    ; 0            ; 24 (0)       ; 0 (0)             ; 2 (0)            ; |SeguidorLinea_Brazo|grab_ctrl:u_grab|kinematics:u_kin|lpm_mult:Mult4                                       ; work         ;
;             |mult_imt:auto_generated|        ; 26 (26)     ; 0 (0)                     ; 0 (0)         ; 0           ; 0    ; 4            ; 0       ; 2         ; 0    ; 0            ; 24 (24)      ; 0 (0)             ; 2 (2)            ; |SeguidorLinea_Brazo|grab_ctrl:u_grab|kinematics:u_kin|lpm_mult:Mult4|mult_imt:auto_generated               ; work         ;
;    |polarPWM:u_pwm|                          ; 931 (931)   ; 118 (118)                 ; 0 (0)         ; 0           ; 0    ; 0            ; 0       ; 0         ; 0    ; 0            ; 813 (813)    ; 0 (0)             ; 118 (118)        ; |SeguidorLinea_Brazo|polarPWM:u_pwm                                                                         ; work         ;
+----------------------------------------------+-------------+---------------------------+---------------+-------------+------+--------------+---------+-----------+------+--------------+--------------+-------------------+------------------+-------------------------------------------------------------------------------------------------------------+--------------+
Note: For table entries with two numbers listed, the numbers in parentheses indicate the number of resources of the given type used by the specific entity alone. The numbers listed outside of parentheses indicate the total resources of the given type used by the specific entity and all of its sub-entities in the hierarchy.


+----------------------------------------------------------------------------------------+
; Delay Chain Summary                                                                    ;
+---------------+----------+---------------+---------------+-----------------------+-----+
; Name          ; Pin Type ; Pad to Core 0 ; Pad to Core 1 ; Pad to Input Register ; TCO ;
+---------------+----------+---------------+---------------+-----------------------+-----+
; i2c_sda       ; Bidir    ; (6) 2514 ps   ; (6) 2514 ps   ; --                    ; --  ;
; i2c_scl       ; Output   ; --            ; --            ; --                    ; --  ;
; servo_phi     ; Output   ; --            ; --            ; --                    ; --  ;
; servo_theta1  ; Output   ; --            ; --            ; --                    ; --  ;
; servo_theta2  ; Output   ; --            ; --            ; --                    ; --  ;
; servo_theta3  ; Output   ; --            ; --            ; --                    ; --  ;
; servo_gripper ; Output   ; --            ; --            ; --                    ; --  ;
; motor_a1      ; Output   ; --            ; --            ; --                    ; --  ;
; motor_a2      ; Output   ; --            ; --            ; --                    ; --  ;
; motor_b1      ; Output   ; --            ; --            ; --                    ; --  ;
; motor_b2      ; Output   ; --            ; --            ; --                    ; --  ;
; led_1         ; Output   ; --            ; --            ; --                    ; --  ;
; led_2         ; Output   ; --            ; --            ; --                    ; --  ;
; led_3         ; Output   ; --            ; --            ; --                    ; --  ;
; clk           ; Input    ; (0) 171 ps    ; (0) 171 ps    ; --                    ; --  ;
; reset         ; Input    ; (6) 2514 ps   ; (6) 2514 ps   ; --                    ; --  ;
; sensor_izq    ; Input    ; (6) 2523 ps   ; (6) 2523 ps   ; --                    ; --  ;
; sensor_der    ; Input    ; (0) 171 ps    ; (0) 171 ps    ; --                    ; --  ;
+---------------+----------+---------------+---------------+-----------------------+-----+


+-------------------------------------------------------------------------------------------------------------------------+
; Pad To Core Delay Chain Fanout                                                                                          ;
+-------------------------------------------------------------------------------------------+-------------------+---------+
; Source Pin / Fanout                                                                       ; Pad To Core Index ; Setting ;
+-------------------------------------------------------------------------------------------+-------------------+---------+
; i2c_sda                                                                                   ;                   ;         ;
;      - LIDAR:u_lidar|VL53L0X:u_VL53L0X|eng_ack_in~2                                       ; 0                 ; 6       ;
;      - LIDAR:u_lidar|VL53L0X:u_VL53L0X|Selector13~5                                       ; 0                 ; 6       ;
; clk                                                                                       ;                   ;         ;
; reset                                                                                     ;                   ;         ;
;      - LIDAR:u_lidar|vl_soft_rst                                                          ; 0                 ; 6       ;
;      - grab_ctrl:u_grab|has_obj_r                                                         ; 0                 ; 6       ;
;      - MaquinaEstados:u_me|tgt_r[3]                                                       ; 0                 ; 6       ;
;      - MaquinaEstados:u_me|tgt_r[4]                                                       ; 0                 ; 6       ;
;      - MaquinaEstados:u_me|tgt_r[5]                                                       ; 0                 ; 6       ;
;      - MaquinaEstados:u_me|tgt_r[7]                                                       ; 0                 ; 6       ;
;      - MaquinaEstados:u_me|tgt_r[10]                                                      ; 0                 ; 6       ;
;      - MaquinaEstados:u_me|tgt_r[11]                                                      ; 0                 ; 6       ;
;      - MaquinaEstados:u_me|tgt_r[13]                                                      ; 0                 ; 6       ;
;      - MaquinaEstados:u_me|tgt_r[15]                                                      ; 0                 ; 6       ;
;      - MaquinaEstados:u_me|tgt_r[16]                                                      ; 0                 ; 6       ;
;      - MaquinaEstados:u_me|tgt_l[3]                                                       ; 0                 ; 6       ;
;      - MaquinaEstados:u_me|tgt_l[4]                                                       ; 0                 ; 6       ;
;      - MaquinaEstados:u_me|tgt_l[5]                                                       ; 0                 ; 6       ;
;      - MaquinaEstados:u_me|tgt_l[7]                                                       ; 0                 ; 6       ;
;      - MaquinaEstados:u_me|tgt_l[10]                                                      ; 0                 ; 6       ;
;      - MaquinaEstados:u_me|tgt_l[11]                                                      ; 0                 ; 6       ;
;      - MaquinaEstados:u_me|tgt_l[12]                                                      ; 0                 ; 6       ;
;      - MaquinaEstados:u_me|tgt_l[13]                                                      ; 0                 ; 6       ;
;      - MaquinaEstados:u_me|tgt_l[14]                                                      ; 0                 ; 6       ;
;      - MaquinaEstados:u_me|tgt_l[15]                                                      ; 0                 ; 6       ;
;      - MaquinaEstados:u_me|tgt_l[16]                                                      ; 0                 ; 6       ;
;      - MaquinaEstados:u_me|clk_1s                                                         ; 0                 ; 6       ;
;      - polarPWM:u_pwm|r_phi                                                               ; 0                 ; 6       ;
;      - polarPWM:u_pwm|r_t1                                                                ; 0                 ; 6       ;
;      - polarPWM:u_pwm|r_t2                                                                ; 0                 ; 6       ;
;      - polarPWM:u_pwm|r_t3                                                                ; 0                 ; 6       ;
;      - polarPWM:u_pwm|r_grip                                                              ; 0                 ; 6       ;
;      - MaquinaEstados:u_me|pivote:u_piv|tick_r                                            ; 0                 ; 6       ;
;      - MaquinaEstados:u_me|busca_tries[1]                                                 ; 0                 ; 6       ;
;      - LIDAR:u_lidar|phi_cur[5]                                                           ; 0                 ; 6       ;
;      - LIDAR:u_lidar|phi_cur[2]                                                           ; 0                 ; 6       ;
;      - LIDAR:u_lidar|phi_cur[0]                                                           ; 0                 ; 6       ;
;      - LIDAR:u_lidar|t1_cur[7]                                                            ; 0                 ; 6       ;
;      - LIDAR:u_lidar|t1_cur[5]                                                            ; 0                 ; 6       ;
;      - LIDAR:u_lidar|t1_cur[2]                                                            ; 0                 ; 6       ;
;      - LIDAR:u_lidar|t1_cur[0]                                                            ; 0                 ; 6       ;
;      - polarPWM:u_pwm|cur_phi[0]                                                          ; 0                 ; 6       ;
;      - polarPWM:u_pwm|cur_phi[1]                                                          ; 0                 ; 6       ;
;      - polarPWM:u_pwm|cur_phi[7]                                                          ; 0                 ; 6       ;
;      - polarPWM:u_pwm|cur_phi[5]                                                          ; 0                 ; 6       ;
;      - polarPWM:u_pwm|cur_phi[4]                                                          ; 0                 ; 6       ;
;      - polarPWM:u_pwm|cur_phi[2]                                                          ; 0                 ; 6       ;
;      - polarPWM:u_pwm|cur_phi[3]                                                          ; 0                 ; 6       ;
;      - polarPWM:u_pwm|cur_phi[6]                                                          ; 0                 ; 6       ;
;      - polarPWM:u_pwm|cur_t1[0]                                                           ; 0                 ; 6       ;
;      - polarPWM:u_pwm|cur_t1[7]                                                           ; 0                 ; 6       ;
;      - polarPWM:u_pwm|cur_t1[5]                                                           ; 0                 ; 6       ;
;      - polarPWM:u_pwm|cur_t1[2]                                                           ; 0                 ; 6       ;
;      - polarPWM:u_pwm|cur_t2[0]                                                           ; 0                 ; 6       ;
;      - polarPWM:u_pwm|cur_t2[1]                                                           ; 0                 ; 6       ;
;      - polarPWM:u_pwm|cur_t2[7]                                                           ; 0                 ; 6       ;
;      - polarPWM:u_pwm|cur_t2[5]                                                           ; 0                 ; 6       ;
;      - polarPWM:u_pwm|cur_t2[4]                                                           ; 0                 ; 6       ;
;      - polarPWM:u_pwm|cur_t2[2]                                                           ; 0                 ; 6       ;
;      - polarPWM:u_pwm|cur_t2[3]                                                           ; 0                 ; 6       ;
;      - polarPWM:u_pwm|cur_t2[6]                                                           ; 0                 ; 6       ;
;      - polarPWM:u_pwm|cur_t3[0]                                                           ; 0                 ; 6       ;
;      - polarPWM:u_pwm|cur_t3[1]                                                           ; 0                 ; 6       ;
;      - polarPWM:u_pwm|cur_t3[3]                                                           ; 0                 ; 6       ;
;      - polarPWM:u_pwm|cur_t3[6]                                                           ; 0                 ; 6       ;
;      - polarPWM:u_pwm|cur_grip[4]                                                         ; 0                 ; 6       ;
;      - polarPWM:u_pwm|cur_grip[2]                                                         ; 0                 ; 6       ;
;      - polarPWM:u_pwm|cur_grip[3]                                                         ; 0                 ; 6       ;
;      - LIDAR:u_lidar|st.S_IDLE                                                            ; 0                 ; 6       ;
;      - LIDAR:u_lidar|phi_cur[7]                                                           ; 0                 ; 6       ;
;      - MaquinaEstados:u_me|pwm16[15]                                                      ; 0                 ; 6       ;
;      - MaquinaEstados:u_me|pwm16[14]                                                      ; 0                 ; 6       ;
;      - MaquinaEstados:u_me|pwm16[13]                                                      ; 0                 ; 6       ;
;      - MaquinaEstados:u_me|pwm16[12]                                                      ; 0                 ; 6       ;
;      - MaquinaEstados:u_me|pwm16[11]                                                      ; 0                 ; 6       ;
;      - MaquinaEstados:u_me|pwm16[10]                                                      ; 0                 ; 6       ;
;      - MaquinaEstados:u_me|pwm16[9]                                                       ; 0                 ; 6       ;
;      - MaquinaEstados:u_me|pwm16[8]                                                       ; 0                 ; 6       ;
;      - MaquinaEstados:u_me|pwm16[7]                                                       ; 0                 ; 6       ;
;      - MaquinaEstados:u_me|pwm16[6]                                                       ; 0                 ; 6       ;
;      - MaquinaEstados:u_me|pwm16[5]                                                       ; 0                 ; 6       ;
;      - MaquinaEstados:u_me|pwm16[4]                                                       ; 0                 ; 6       ;
;      - MaquinaEstados:u_me|pwm16[3]                                                       ; 0                 ; 6       ;
;      - MaquinaEstados:u_me|curva_cnt[6]                                                   ; 0                 ; 6       ;
;      - MaquinaEstados:u_me|curva_cnt[7]                                                   ; 0                 ; 6       ;
;      - MaquinaEstados:u_me|curva_cnt[8]                                                   ; 0                 ; 6       ;
;      - MaquinaEstados:u_me|curva_cnt[9]                                                   ; 0                 ; 6       ;
;      - MaquinaEstados:u_me|curva_cnt[10]                                                  ; 0                 ; 6       ;
;      - MaquinaEstados:u_me|curva_cnt[11]                                                  ; 0                 ; 6       ;
;      - MaquinaEstados:u_me|curva_cnt[12]                                                  ; 0                 ; 6       ;
;      - MaquinaEstados:u_me|curva_cnt[13]                                                  ; 0                 ; 6       ;
;      - MaquinaEstados:u_me|curva_cnt[14]                                                  ; 0                 ; 6       ;
;      - MaquinaEstados:u_me|curva_cnt[15]                                                  ; 0                 ; 6       ;
;      - MaquinaEstados:u_me|curva_cnt[16]                                                  ; 0                 ; 6       ;
;      - MaquinaEstados:u_me|curva_cnt[17]                                                  ; 0                 ; 6       ;
;      - MaquinaEstados:u_me|curva_cnt[18]                                                  ; 0                 ; 6       ;
;      - MaquinaEstados:u_me|curva_cnt[19]                                                  ; 0                 ; 6       ;
;      - MaquinaEstados:u_me|curva_cnt[20]                                                  ; 0                 ; 6       ;
;      - MaquinaEstados:u_me|lockout_cnt[0]                                                 ; 0                 ; 6       ;
;      - MaquinaEstados:u_me|lockout_cnt[1]                                                 ; 0                 ; 6       ;
;      - MaquinaEstados:u_me|lockout_cnt[2]                                                 ; 0                 ; 6       ;
;      - MaquinaEstados:u_me|lockout_cnt[3]                                                 ; 0                 ; 6       ;
;      - MaquinaEstados:u_me|lockout_cnt[4]                                                 ; 0                 ; 6       ;
;      - MaquinaEstados:u_me|lockout_cnt[5]                                                 ; 0                 ; 6       ;
;      - MaquinaEstados:u_me|lockout_cnt[6]                                                 ; 0                 ; 6       ;
;      - MaquinaEstados:u_me|lockout_cnt[7]                                                 ; 0                 ; 6       ;
;      - MaquinaEstados:u_me|lockout_cnt[8]                                                 ; 0                 ; 6       ;
;      - MaquinaEstados:u_me|lockout_cnt[9]                                                 ; 0                 ; 6       ;
;      - MaquinaEstados:u_me|lockout_cnt[10]                                                ; 0                 ; 6       ;
;      - MaquinaEstados:u_me|lockout_cnt[11]                                                ; 0                 ; 6       ;
;      - MaquinaEstados:u_me|lockout_cnt[12]                                                ; 0                 ; 6       ;
;      - MaquinaEstados:u_me|lockout_cnt[13]                                                ; 0                 ; 6       ;
;      - MaquinaEstados:u_me|lockout_cnt[14]                                                ; 0                 ; 6       ;
;      - MaquinaEstados:u_me|lockout_cnt[15]                                                ; 0                 ; 6       ;
;      - MaquinaEstados:u_me|lockout_cnt[16]                                                ; 0                 ; 6       ;
;      - MaquinaEstados:u_me|lockout_cnt[17]                                                ; 0                 ; 6       ;
;      - MaquinaEstados:u_me|lockout_cnt[18]                                                ; 0                 ; 6       ;
;      - MaquinaEstados:u_me|lockout_cnt[19]                                                ; 0                 ; 6       ;
;      - MaquinaEstados:u_me|lockout_cnt[20]                                                ; 0                 ; 6       ;
;      - MaquinaEstados:u_me|lockout_cnt[21]                                                ; 0                 ; 6       ;
;      - MaquinaEstados:u_me|lockout_cnt[22]                                                ; 0                 ; 6       ;
;      - MaquinaEstados:u_me|lockout_cnt[23]                                                ; 0                 ; 6       ;
;      - MaquinaEstados:u_me|lockout_cnt[24]                                                ; 0                 ; 6       ;
;      - MaquinaEstados:u_me|pwm16[2]                                                       ; 0                 ; 6       ;
;      - LIDAR:u_lidar|wd_cnt[0]                                                            ; 0                 ; 6       ;
;      - LIDAR:u_lidar|wd_cnt[1]                                                            ; 0                 ; 6       ;
;      - LIDAR:u_lidar|wd_cnt[2]                                                            ; 0                 ; 6       ;
;      - LIDAR:u_lidar|wd_cnt[3]                                                            ; 0                 ; 6       ;
;      - LIDAR:u_lidar|wd_cnt[4]                                                            ; 0                 ; 6       ;
;      - LIDAR:u_lidar|wd_cnt[5]                                                            ; 0                 ; 6       ;
;      - LIDAR:u_lidar|wd_cnt[6]                                                            ; 0                 ; 6       ;
;      - LIDAR:u_lidar|wd_cnt[7]                                                            ; 0                 ; 6       ;
;      - LIDAR:u_lidar|wd_cnt[8]                                                            ; 0                 ; 6       ;
;      - LIDAR:u_lidar|wd_cnt[9]                                                            ; 0                 ; 6       ;
;      - LIDAR:u_lidar|wd_cnt[10]                                                           ; 0                 ; 6       ;
;      - LIDAR:u_lidar|wd_cnt[11]                                                           ; 0                 ; 6       ;
;      - LIDAR:u_lidar|wd_cnt[12]                                                           ; 0                 ; 6       ;
;      - LIDAR:u_lidar|wd_cnt[13]                                                           ; 0                 ; 6       ;
;      - LIDAR:u_lidar|wd_cnt[14]                                                           ; 0                 ; 6       ;
;      - LIDAR:u_lidar|wd_cnt[15]                                                           ; 0                 ; 6       ;
;      - LIDAR:u_lidar|wd_cnt[16]                                                           ; 0                 ; 6       ;
;      - LIDAR:u_lidar|wd_cnt[17]                                                           ; 0                 ; 6       ;
;      - LIDAR:u_lidar|wd_cnt[18]                                                           ; 0                 ; 6       ;
;      - LIDAR:u_lidar|wd_cnt[19]                                                           ; 0                 ; 6       ;
;      - LIDAR:u_lidar|wd_cnt[20]                                                           ; 0                 ; 6       ;
;      - LIDAR:u_lidar|wd_cnt[21]                                                           ; 0                 ; 6       ;
;      - LIDAR:u_lidar|wd_cnt[22]                                                           ; 0                 ; 6       ;
;      - LIDAR:u_lidar|wd_cnt[23]                                                           ; 0                 ; 6       ;
;      - MaquinaEstados:u_me|paso_n[3]                                                      ; 0                 ; 6       ;
;      - MaquinaEstados:u_me|paso_n[2]                                                      ; 0                 ; 6       ;
;      - MaquinaEstados:u_me|paso_n[1]                                                      ; 0                 ; 6       ;
;      - MaquinaEstados:u_me|paso_n[0]                                                      ; 0                 ; 6       ;
;      - MaquinaEstados:u_me|paso_n[4]                                                      ; 0                 ; 6       ;
;      - MaquinaEstados:u_me|tcnt[10]                                                       ; 0                 ; 6       ;
;      - MaquinaEstados:u_me|tcnt[11]                                                       ; 0                 ; 6       ;
;      - MaquinaEstados:u_me|tcnt[12]                                                       ; 0                 ; 6       ;
;      - MaquinaEstados:u_me|tcnt[13]                                                       ; 0                 ; 6       ;
;      - MaquinaEstados:u_me|tcnt[14]                                                       ; 0                 ; 6       ;
;      - MaquinaEstados:u_me|tcnt[15]                                                       ; 0                 ; 6       ;
;      - MaquinaEstados:u_me|tcnt[16]                                                       ; 0                 ; 6       ;
;      - MaquinaEstados:u_me|tcnt[17]                                                       ; 0                 ; 6       ;
;      - MaquinaEstados:u_me|tcnt[18]                                                       ; 0                 ; 6       ;
;      - MaquinaEstados:u_me|tcnt[19]                                                       ; 0                 ; 6       ;
;      - MaquinaEstados:u_me|tcnt[20]                                                       ; 0                 ; 6       ;
;      - MaquinaEstados:u_me|tcnt[21]                                                       ; 0                 ; 6       ;
;      - MaquinaEstados:u_me|tcnt[22]                                                       ; 0                 ; 6       ;
;      - MaquinaEstados:u_me|tcnt[23]                                                       ; 0                 ; 6       ;
;      - MaquinaEstados:u_me|tcnt[7]                                                        ; 0                 ; 6       ;
;      - MaquinaEstados:u_me|tcnt[8]                                                        ; 0                 ; 6       ;
;      - MaquinaEstados:u_me|tcnt[9]                                                        ; 0                 ; 6       ;
;      - MaquinaEstados:u_me|flt_izq[0]                                                     ; 0                 ; 6       ;
;      - MaquinaEstados:u_me|flt_izq[1]                                                     ; 0                 ; 6       ;
;      - MaquinaEstados:u_me|flt_izq[2]                                                     ; 0                 ; 6       ;
;      - MaquinaEstados:u_me|flt_izq[3]                                                     ; 0                 ; 6       ;
;      - MaquinaEstados:u_me|flt_izq[4]                                                     ; 0                 ; 6       ;
;      - MaquinaEstados:u_me|flt_izq[5]                                                     ; 0                 ; 6       ;
;      - MaquinaEstados:u_me|flt_izq[6]                                                     ; 0                 ; 6       ;
;      - MaquinaEstados:u_me|flt_izq[7]                                                     ; 0                 ; 6       ;
;      - MaquinaEstados:u_me|flt_izq[8]                                                     ; 0                 ; 6       ;
;      - MaquinaEstados:u_me|flt_izq[9]                                                     ; 0                 ; 6       ;
;      - MaquinaEstados:u_me|flt_izq[10]                                                    ; 0                 ; 6       ;
;      - MaquinaEstados:u_me|flt_izq[11]                                                    ; 0                 ; 6       ;
;      - MaquinaEstados:u_me|flt_izq[12]                                                    ; 0                 ; 6       ;
;      - MaquinaEstados:u_me|flt_izq[13]                                                    ; 0                 ; 6       ;
;      - MaquinaEstados:u_me|flt_izq[14]                                                    ; 0                 ; 6       ;
;      - MaquinaEstados:u_me|flt_izq[15]                                                    ; 0                 ; 6       ;
;      - MaquinaEstados:u_me|flt_der[0]                                                     ; 0                 ; 6       ;
;      - MaquinaEstados:u_me|flt_der[1]                                                     ; 0                 ; 6       ;
;      - MaquinaEstados:u_me|flt_der[2]                                                     ; 0                 ; 6       ;
;      - MaquinaEstados:u_me|flt_der[3]                                                     ; 0                 ; 6       ;
;      - MaquinaEstados:u_me|flt_der[4]                                                     ; 0                 ; 6       ;
;      - MaquinaEstados:u_me|flt_der[5]                                                     ; 0                 ; 6       ;
;      - MaquinaEstados:u_me|flt_der[6]                                                     ; 0                 ; 6       ;
;      - MaquinaEstados:u_me|flt_der[7]                                                     ; 0                 ; 6       ;
;      - MaquinaEstados:u_me|flt_der[8]                                                     ; 0                 ; 6       ;
;      - MaquinaEstados:u_me|flt_der[9]                                                     ; 0                 ; 6       ;
;      - MaquinaEstados:u_me|flt_der[10]                                                    ; 0                 ; 6       ;
;      - MaquinaEstados:u_me|flt_der[11]                                                    ; 0                 ; 6       ;
;      - MaquinaEstados:u_me|flt_der[12]                                                    ; 0                 ; 6       ;
;      - MaquinaEstados:u_me|flt_der[13]                                                    ; 0                 ; 6       ;
;      - MaquinaEstados:u_me|flt_der[14]                                                    ; 0                 ; 6       ;
;      - MaquinaEstados:u_me|flt_der[15]                                                    ; 0                 ; 6       ;
;      - MaquinaEstados:u_me|curva_cnt[0]                                                   ; 0                 ; 6       ;
;      - MaquinaEstados:u_me|curva_cnt[1]                                                   ; 0                 ; 6       ;
;      - MaquinaEstados:u_me|curva_cnt[2]                                                   ; 0                 ; 6       ;
;      - MaquinaEstados:u_me|curva_cnt[3]                                                   ; 0                 ; 6       ;
;      - MaquinaEstados:u_me|curva_cnt[4]                                                   ; 0                 ; 6       ;
;      - MaquinaEstados:u_me|curva_cnt[5]                                                   ; 0                 ; 6       ;
;      - MaquinaEstados:u_me|pwm16[1]                                                       ; 0                 ; 6       ;
;      - grab_ctrl:u_grab|tmr[0]                                                            ; 0                 ; 6       ;
;      - grab_ctrl:u_grab|tmr[1]                                                            ; 0                 ; 6       ;
;      - grab_ctrl:u_grab|tmr[2]                                                            ; 0                 ; 6       ;
;      - grab_ctrl:u_grab|tmr[3]                                                            ; 0                 ; 6       ;
;      - grab_ctrl:u_grab|tmr[4]                                                            ; 0                 ; 6       ;
;      - grab_ctrl:u_grab|tmr[5]                                                            ; 0                 ; 6       ;
;      - grab_ctrl:u_grab|tmr[6]                                                            ; 0                 ; 6       ;
;      - grab_ctrl:u_grab|tmr[7]                                                            ; 0                 ; 6       ;
;      - grab_ctrl:u_grab|tmr[8]                                                            ; 0                 ; 6       ;
;      - grab_ctrl:u_grab|tmr[9]                                                            ; 0                 ; 6       ;
;      - grab_ctrl:u_grab|tmr[10]                                                           ; 0                 ; 6       ;
;      - grab_ctrl:u_grab|tmr[11]                                                           ; 0                 ; 6       ;
;      - grab_ctrl:u_grab|tmr[12]                                                           ; 0                 ; 6       ;
;      - grab_ctrl:u_grab|tmr[13]                                                           ; 0                 ; 6       ;
;      - grab_ctrl:u_grab|tmr[14]                                                           ; 0                 ; 6       ;
;      - grab_ctrl:u_grab|tmr[15]                                                           ; 0                 ; 6       ;
;      - grab_ctrl:u_grab|tmr[16]                                                           ; 0                 ; 6       ;
;      - grab_ctrl:u_grab|tmr[17]                                                           ; 0                 ; 6       ;
;      - grab_ctrl:u_grab|tmr[18]                                                           ; 0                 ; 6       ;
;      - grab_ctrl:u_grab|tmr[19]                                                           ; 0                 ; 6       ;
;      - grab_ctrl:u_grab|tmr[20]                                                           ; 0                 ; 6       ;
;      - grab_ctrl:u_grab|tmr[21]                                                           ; 0                 ; 6       ;
;      - grab_ctrl:u_grab|tmr[22]                                                           ; 0                 ; 6       ;
;      - grab_ctrl:u_grab|tmr[23]                                                           ; 0                 ; 6       ;
;      - grab_ctrl:u_grab|tmr[24]                                                           ; 0                 ; 6       ;
;      - grab_ctrl:u_grab|tmr[25]                                                           ; 0                 ; 6       ;
;      - grab_ctrl:u_grab|tmr[26]                                                           ; 0                 ; 6       ;
;      - LIDAR:u_lidar|navg[0]                                                              ; 0                 ; 6       ;
;      - LIDAR:u_lidar|navg[1]                                                              ; 0                 ; 6       ;
;      - LIDAR:u_lidar|navg[2]                                                              ; 0                 ; 6       ;
;      - LIDAR:u_lidar|navg[3]                                                              ; 0                 ; 6       ;
;      - LIDAR:u_lidar|navg[4]                                                              ; 0                 ; 6       ;
;      - LIDAR:u_lidar|navg[5]                                                              ; 0                 ; 6       ;
;      - LIDAR:u_lidar|navg[6]                                                              ; 0                 ; 6       ;
;      - LIDAR:u_lidar|navg[7]                                                              ; 0                 ; 6       ;
;      - MaquinaEstados:u_me|tcnt[6]                                                        ; 0                 ; 6       ;
;      - MaquinaEstados:u_me|tcnt[5]                                                        ; 0                 ; 6       ;
;      - MaquinaEstados:u_me|tcnt[4]                                                        ; 0                 ; 6       ;
;      - MaquinaEstados:u_me|tcnt[3]                                                        ; 0                 ; 6       ;
;      - MaquinaEstados:u_me|tcnt[2]                                                        ; 0                 ; 6       ;
;      - MaquinaEstados:u_me|tcnt[1]                                                        ; 0                 ; 6       ;
;      - MaquinaEstados:u_me|tcnt[0]                                                        ; 0                 ; 6       ;
;      - grab_ctrl:u_grab|kinematics:u_kin|trig_idx[1]                                      ; 0                 ; 6       ;
;      - grab_ctrl:u_grab|kinematics:u_kin|trig_idx[2]                                      ; 0                 ; 6       ;
;      - grab_ctrl:u_grab|kinematics:u_kin|trig_idx[3]                                      ; 0                 ; 6       ;
;      - grab_ctrl:u_grab|kinematics:u_kin|trig_idx[5]                                      ; 0                 ; 6       ;
;      - grab_ctrl:u_grab|kinematics:u_kin|trig_idx[6]                                      ; 0                 ; 6       ;
;      - grab_ctrl:u_grab|kinematics:u_kin|trig_idx[7]                                      ; 0                 ; 6       ;
;      - grab_ctrl:u_grab|kinematics:u_kin|trig_idx[8]                                      ; 0                 ; 6       ;
;      - LIDAR:u_lidar|vl_rst                                                               ; 0                 ; 6       ;
;      - MaquinaEstados:u_me|est.E_REARME                                                   ; 0                 ; 6       ;
;      - MaquinaEstados:u_me|est.E_Z_AVANZA                                                 ; 0                 ; 6       ;
;      - MaquinaEstados:u_me|est.E_Z_OFFSET                                                 ; 0                 ; 6       ;
;      - MaquinaEstados:u_me|est.E_Z_RECENTRO                                               ; 0                 ; 6       ;
;      - MaquinaEstados:u_me|est.E_Z_BORDE_B                                                ; 0                 ; 6       ;
;      - MaquinaEstados:u_me|est.E_Z_BUSCA_B                                                ; 0                 ; 6       ;
;      - MaquinaEstados:u_me|est.E_Z_BORDE_A                                                ; 0                 ; 6       ;
;      - MaquinaEstados:u_me|est.E_Z_CENTRO                                                 ; 0                 ; 6       ;
;      - MaquinaEstados:u_me|est.E_Z_BUSCA_A                                                ; 0                 ; 6       ;
;      - MaquinaEstados:u_me|piv_dir                                                        ; 0                 ; 6       ;
;      - MaquinaEstados:u_me|pivote:u_piv|pst.P_KICK                                        ; 0                 ; 6       ;
;      - MaquinaEstados:u_me|est.E_SONDA                                                    ; 0                 ; 6       ;
;      - MaquinaEstados:u_me|probe_dir                                                      ; 0                 ; 6       ;
;      - MaquinaEstados:u_me|s_izq                                                          ; 0                 ; 6       ;
;      - MaquinaEstados:u_me|ultimo_giro.G_IZQ                                              ; 0                 ; 6       ;
;      - MaquinaEstados:u_me|s_der                                                          ; 0                 ; 6       ;
;      - MaquinaEstados:u_me|est.E_SEGUIR                                                   ; 0                 ; 6       ;
;      - MaquinaEstados:u_me|ultimo_giro.G_DER                                              ; 0                 ; 6       ;
;      - MaquinaEstados:u_me|ultimo_giro.G_RECTO                                            ; 0                 ; 6       ;
;      - MaquinaEstados:u_me|pwm16[0]                                                       ; 0                 ; 6       ;
;      - MaquinaEstados:u_me|cnt_1s[23]                                                     ; 0                 ; 6       ;
;      - MaquinaEstados:u_me|cnt_1s[22]                                                     ; 0                 ; 6       ;
;      - MaquinaEstados:u_me|cnt_1s[21]                                                     ; 0                 ; 6       ;
;      - MaquinaEstados:u_me|cnt_1s[20]                                                     ; 0                 ; 6       ;
;      - MaquinaEstados:u_me|cnt_1s[19]                                                     ; 0                 ; 6       ;
;      - MaquinaEstados:u_me|cnt_1s[18]                                                     ; 0                 ; 6       ;
;      - MaquinaEstados:u_me|cnt_1s[17]                                                     ; 0                 ; 6       ;
;      - MaquinaEstados:u_me|cnt_1s[16]                                                     ; 0                 ; 6       ;
;      - MaquinaEstados:u_me|cnt_1s[14]                                                     ; 0                 ; 6       ;
;      - MaquinaEstados:u_me|cnt_1s[12]                                                     ; 0                 ; 6       ;
;      - MaquinaEstados:u_me|cnt_1s[15]                                                     ; 0                 ; 6       ;
;      - MaquinaEstados:u_me|cnt_1s[13]                                                     ; 0                 ; 6       ;
;      - MaquinaEstados:u_me|cnt_1s[11]                                                     ; 0                 ; 6       ;
;      - MaquinaEstados:u_me|cnt_1s[10]                                                     ; 0                 ; 6       ;
;      - MaquinaEstados:u_me|cnt_1s[9]                                                      ; 0                 ; 6       ;
;      - MaquinaEstados:u_me|cnt_1s[8]                                                      ; 0                 ; 6       ;
;      - MaquinaEstados:u_me|cnt_1s[5]                                                      ; 0                 ; 6       ;
;      - MaquinaEstados:u_me|cnt_1s[7]                                                      ; 0                 ; 6       ;
;      - MaquinaEstados:u_me|cnt_1s[6]                                                      ; 0                 ; 6       ;
;      - MaquinaEstados:u_me|cnt_1s[4]                                                      ; 0                 ; 6       ;
;      - MaquinaEstados:u_me|cnt_1s[3]                                                      ; 0                 ; 6       ;
;      - MaquinaEstados:u_me|cnt_1s[2]                                                      ; 0                 ; 6       ;
;      - MaquinaEstados:u_me|cnt_1s[1]                                                      ; 0                 ; 6       ;
;      - grab_ctrl:u_grab|gst.G_GRIP                                                        ; 0                 ; 6       ;
;      - grab_ctrl:u_grab|gst.G_RELEASE                                                     ; 0                 ; 6       ;
;      - LIDAR:u_lidar|st.S_DONE                                                            ; 0                 ; 6       ;
;      - MaquinaEstados:u_me|start_scan_r                                                   ; 0                 ; 6       ;
;      - LIDAR:u_lidar|recover_cnt[1]                                                       ; 0                 ; 6       ;
;      - LIDAR:u_lidar|recover_cnt[0]                                                       ; 0                 ; 6       ;
;      - LIDAR:u_lidar|tick_prev                                                            ; 0                 ; 6       ;
;      - LIDAR:u_lidar|st.S_RECOVER                                                         ; 0                 ; 6       ;
;      - LIDAR:u_lidar|st.S_AVG                                                             ; 0                 ; 6       ;
;      - LIDAR:u_lidar|st.S_REINIT                                                          ; 0                 ; 6       ;
;      - polarPWM:u_pwm|cuenta[6]~54                                                        ; 0                 ; 6       ;
;      - polarPWM:u_pwm|cur_phi[7]~0                                                        ; 0                 ; 6       ;
;      - polarPWM:u_pwm|cur_t1[7]~0                                                         ; 0                 ; 6       ;
;      - polarPWM:u_pwm|cur_t1~1                                                            ; 0                 ; 6       ;
;      - polarPWM:u_pwm|cur_t1~2                                                            ; 0                 ; 6       ;
;      - polarPWM:u_pwm|cur_t1~3                                                            ; 0                 ; 6       ;
;      - polarPWM:u_pwm|cur_t1~4                                                            ; 0                 ; 6       ;
;      - polarPWM:u_pwm|cur_t2[6]~0                                                         ; 0                 ; 6       ;
;      - polarPWM:u_pwm|cur_t3[6]~0                                                         ; 0                 ; 6       ;
;      - polarPWM:u_pwm|cur_t3~1                                                            ; 0                 ; 6       ;
;      - polarPWM:u_pwm|cur_t3~2                                                            ; 0                 ; 6       ;
;      - polarPWM:u_pwm|cur_t3~3                                                            ; 0                 ; 6       ;
;      - polarPWM:u_pwm|cur_t3~4                                                            ; 0                 ; 6       ;
;      - polarPWM:u_pwm|cur_grip[0]~3                                                       ; 0                 ; 6       ;
;      - polarPWM:u_pwm|cur_grip[7]~4                                                       ; 0                 ; 6       ;
;      - polarPWM:u_pwm|cur_grip~5                                                          ; 0                 ; 6       ;
;      - polarPWM:u_pwm|cur_grip~6                                                          ; 0                 ; 6       ;
;      - polarPWM:u_pwm|cur_grip~7                                                          ; 0                 ; 6       ;
;      - polarPWM:u_pwm|cur_grip~8                                                          ; 0                 ; 6       ;
;      - grab_ctrl:u_grab|gst.G_HOLD                                                        ; 0                 ; 6       ;
;      - grab_ctrl:u_grab|gst.G_REST                                                        ; 0                 ; 6       ;
;      - MaquinaEstados:u_me|est.E_SCAN_FIN                                                 ; 0                 ; 6       ;
;      - MaquinaEstados:u_me|est.E_DROP_WAIT                                                ; 0                 ; 6       ;
;      - MaquinaEstados:u_me|est.E_Z_ACCION                                                 ; 0                 ; 6       ;
;      - MaquinaEstados:u_me|est.E_INICIO                                                   ; 0                 ; 6       ;
;      - MaquinaEstados:u_me|reentro                                                        ; 0                 ; 6       ;
;      - MaquinaEstados:u_me|centro_n[3]                                                    ; 0                 ; 6       ;
;      - MaquinaEstados:u_me|centro_n[2]                                                    ; 0                 ; 6       ;
;      - MaquinaEstados:u_me|centro_n[1]                                                    ; 0                 ; 6       ;
;      - MaquinaEstados:u_me|centro_n[0]                                                    ; 0                 ; 6       ;
;      - MaquinaEstados:u_me|pivote:u_piv|fin_r                                             ; 0                 ; 6       ;
;      - MaquinaEstados:u_me|est.E_SCAN_INI                                                 ; 0                 ; 6       ;
;      - MaquinaEstados:u_me|busca_tries[0]                                                 ; 0                 ; 6       ;
;      - MaquinaEstados:u_me|piv_ena                                                        ; 0                 ; 6       ;
;      - MaquinaEstados:u_me|pivote:u_piv|dur_cnt[4]                                        ; 0                 ; 6       ;
;      - MaquinaEstados:u_me|pivote:u_piv|dur_cnt[3]                                        ; 0                 ; 6       ;
;      - MaquinaEstados:u_me|pivote:u_piv|dur_cnt[2]                                        ; 0                 ; 6       ;
;      - MaquinaEstados:u_me|pivote:u_piv|dur_cnt[1]                                        ; 0                 ; 6       ;
;      - MaquinaEstados:u_me|pivote:u_piv|dur_cnt[0]                                        ; 0                 ; 6       ;
;      - MaquinaEstados:u_me|pivote:u_piv|dur_cnt[5]                                        ; 0                 ; 6       ;
;      - MaquinaEstados:u_me|pivote:u_piv|dur_cnt[6]                                        ; 0                 ; 6       ;
;      - MaquinaEstados:u_me|pivote:u_piv|dur_cnt[8]                                        ; 0                 ; 6       ;
;      - MaquinaEstados:u_me|pivote:u_piv|dur_cnt[7]                                        ; 0                 ; 6       ;
;      - MaquinaEstados:u_me|pivote:u_piv|dur_cnt[9]                                        ; 0                 ; 6       ;
;      - MaquinaEstados:u_me|pivote:u_piv|dur_cnt[10]                                       ; 0                 ; 6       ;
;      - MaquinaEstados:u_me|pivote:u_piv|dur_cnt[11]                                       ; 0                 ; 6       ;
;      - MaquinaEstados:u_me|pivote:u_piv|dur_cnt[12]                                       ; 0                 ; 6       ;
;      - MaquinaEstados:u_me|pivote:u_piv|dur_cnt[15]                                       ; 0                 ; 6       ;
;      - MaquinaEstados:u_me|pivote:u_piv|dur_cnt[14]                                       ; 0                 ; 6       ;
;      - MaquinaEstados:u_me|pivote:u_piv|dur_cnt[13]                                       ; 0                 ; 6       ;
;      - MaquinaEstados:u_me|pivote:u_piv|pst.P_DONE                                        ; 0                 ; 6       ;
;      - MaquinaEstados:u_me|pivote:u_piv|pst.P_IDLE                                        ; 0                 ; 6       ;
;      - MaquinaEstados:u_me|pivote:u_piv|pst.P_SETTLE                                      ; 0                 ; 6       ;
;      - MaquinaEstados:u_me|pivote:u_piv|step_cnt[3]                                       ; 0                 ; 6       ;
;      - MaquinaEstados:u_me|pivote:u_piv|step_cnt[2]                                       ; 0                 ; 6       ;
;      - MaquinaEstados:u_me|pivote:u_piv|step_cnt[4]                                       ; 0                 ; 6       ;
;      - MaquinaEstados:u_me|piv_modo                                                       ; 0                 ; 6       ;
;      - MaquinaEstados:u_me|pivote:u_piv|step_cnt[1]                                       ; 0                 ; 6       ;
;      - MaquinaEstados:u_me|pivote:u_piv|step_cnt[0]                                       ; 0                 ; 6       ;
;      - grab_ctrl:u_grab|gst.G_IK                                                          ; 0                 ; 6       ;
;      - grab_ctrl:u_grab|gst.G_DROP                                                        ; 0                 ; 6       ;
;      - grab_ctrl:u_grab|gst.G_MOVE                                                        ; 0                 ; 6       ;
;      - grab_ctrl:u_grab|gst.G_SCANWAIT                                                    ; 0                 ; 6       ;
;      - LIDAR:u_lidar|scan_done_r                                                          ; 0                 ; 6       ;
;      - grab_ctrl:u_grab|gst.G_IK_WAIT                                                     ; 0                 ; 6       ;
;      - grab_ctrl:u_grab|kinematics:u_kin|dn                                               ; 0                 ; 6       ;
;      - MaquinaEstados:u_me|trigger_drop_r                                                 ; 0                 ; 6       ;
;      - LIDAR:u_lidar|st.S_NEXT                                                            ; 0                 ; 6       ;
;      - LIDAR:u_lidar|fine_ph                                                              ; 0                 ; 6       ;
;      - LIDAR:u_lidar|phi_cur[6]                                                           ; 0                 ; 6       ;
;      - LIDAR:u_lidar|phi_cur[4]                                                           ; 0                 ; 6       ;
;      - LIDAR:u_lidar|phi_cur[3]                                                           ; 0                 ; 6       ;
;      - LIDAR:u_lidar|phi_cur[1]                                                           ; 0                 ; 6       ;
;      - LIDAR:u_lidar|t1_cur[6]                                                            ; 0                 ; 6       ;
;      - LIDAR:u_lidar|t1_cur[4]                                                            ; 0                 ; 6       ;
;      - LIDAR:u_lidar|t1_cur[3]                                                            ; 0                 ; 6       ;
;      - LIDAR:u_lidar|t1_cur[1]                                                            ; 0                 ; 6       ;
;      - LIDAR:u_lidar|t1_dir[0]                                                            ; 0                 ; 6       ;
;      - LIDAR:u_lidar|t1_dir[1]                                                            ; 0                 ; 6       ;
;      - LIDAR:u_lidar|st.S_MOVE                                                            ; 0                 ; 6       ;
;      - LIDAR:u_lidar|st.S_SETTLE                                                          ; 0                 ; 6       ;
;      - LIDAR:u_lidar|discard1                                                             ; 0                 ; 6       ;
;      - grab_ctrl:u_grab|grab_phi[7]                                                       ; 0                 ; 6       ;
;      - polarPWM:u_pwm|tgt_phi~0                                                           ; 0                 ; 6       ;
;      - grab_ctrl:u_grab|grab_phi[1]                                                       ; 0                 ; 6       ;
;      - grab_ctrl:u_grab|grab_phi[0]                                                       ; 0                 ; 6       ;
;      - grab_ctrl:u_grab|grab_phi[3]                                                       ; 0                 ; 6       ;
;      - grab_ctrl:u_grab|grab_phi[6]                                                       ; 0                 ; 6       ;
;      - grab_ctrl:u_grab|grab_phi[2]                                                       ; 0                 ; 6       ;
;      - grab_ctrl:u_grab|grab_phi[4]                                                       ; 0                 ; 6       ;
;      - grab_ctrl:u_grab|grab_phi[5]                                                       ; 0                 ; 6       ;
;      - polarPWM:u_pwm|tgt_phi[2]~7                                                        ; 0                 ; 6       ;
;      - polarPWM:u_pwm|tgt_phi~9                                                           ; 0                 ; 6       ;
;      - polarPWM:u_pwm|tgt_phi~10                                                          ; 0                 ; 6       ;
;      - polarPWM:u_pwm|tgt_phi~12                                                          ; 0                 ; 6       ;
;      - polarPWM:u_pwm|tgt_phi~14                                                          ; 0                 ; 6       ;
;      - polarPWM:u_pwm|ramp_tick~0                                                         ; 0                 ; 6       ;
;      - grab_ctrl:u_grab|grab_t1[7]                                                        ; 0                 ; 6       ;
;      - grab_ctrl:u_grab|grab_t1[6]                                                        ; 0                 ; 6       ;
;      - grab_ctrl:u_grab|grab_t1[5]                                                        ; 0                 ; 6       ;
;      - grab_ctrl:u_grab|grab_t1[4]                                                        ; 0                 ; 6       ;
;      - grab_ctrl:u_grab|grab_t1[3]                                                        ; 0                 ; 6       ;
;      - grab_ctrl:u_grab|grab_t1[2]                                                        ; 0                 ; 6       ;
;      - grab_ctrl:u_grab|grab_t1[1]                                                        ; 0                 ; 6       ;
;      - grab_ctrl:u_grab|grab_t1[0]                                                        ; 0                 ; 6       ;
;      - polarPWM:u_pwm|tgt_t1~0                                                            ; 0                 ; 6       ;
;      - polarPWM:u_pwm|tgt_t1~1                                                            ; 0                 ; 6       ;
;      - polarPWM:u_pwm|tgt_t1~2                                                            ; 0                 ; 6       ;
;      - polarPWM:u_pwm|tgt_t1~5                                                            ; 0                 ; 6       ;
;      - polarPWM:u_pwm|tgt_t1~6                                                            ; 0                 ; 6       ;
;      - polarPWM:u_pwm|tgt_t1~7                                                            ; 0                 ; 6       ;
;      - polarPWM:u_pwm|tgt_t1~8                                                            ; 0                 ; 6       ;
;      - polarPWM:u_pwm|tgt_t1~9                                                            ; 0                 ; 6       ;
;      - grab_ctrl:u_grab|grab_t2[7]                                                        ; 0                 ; 6       ;
;      - polarPWM:u_pwm|tgt_t2~0                                                            ; 0                 ; 6       ;
;      - grab_ctrl:u_grab|grab_t2[1]                                                        ; 0                 ; 6       ;
;      - grab_ctrl:u_grab|grab_t2[0]                                                        ; 0                 ; 6       ;
;      - grab_ctrl:u_grab|grab_t2[2]                                                        ; 0                 ; 6       ;
;      - grab_ctrl:u_grab|grab_t2[3]                                                        ; 0                 ; 6       ;
;      - grab_ctrl:u_grab|grab_t2[5]                                                        ; 0                 ; 6       ;
;      - grab_ctrl:u_grab|grab_t2[4]                                                        ; 0                 ; 6       ;
;      - grab_ctrl:u_grab|grab_t2[6]                                                        ; 0                 ; 6       ;
;      - polarPWM:u_pwm|tgt_t2[5]~7                                                         ; 0                 ; 6       ;
;      - polarPWM:u_pwm|tgt_t2~9                                                            ; 0                 ; 6       ;
;      - polarPWM:u_pwm|tgt_t2~10                                                           ; 0                 ; 6       ;
;      - polarPWM:u_pwm|tgt_t2~12                                                           ; 0                 ; 6       ;
;      - grab_ctrl:u_grab|grab_t3[7]                                                        ; 0                 ; 6       ;
;      - grab_ctrl:u_grab|grab_t3[6]                                                        ; 0                 ; 6       ;
;      - grab_ctrl:u_grab|grab_t3[5]                                                        ; 0                 ; 6       ;
;      - grab_ctrl:u_grab|grab_t3[4]                                                        ; 0                 ; 6       ;
;      - grab_ctrl:u_grab|grab_t3[3]                                                        ; 0                 ; 6       ;
;      - grab_ctrl:u_grab|grab_t3[2]                                                        ; 0                 ; 6       ;
;      - grab_ctrl:u_grab|grab_t3[1]                                                        ; 0                 ; 6       ;
;      - grab_ctrl:u_grab|grab_t3[0]                                                        ; 0                 ; 6       ;
;      - polarPWM:u_pwm|tgt_t3~0                                                            ; 0                 ; 6       ;
;      - polarPWM:u_pwm|tgt_t3[7]~3                                                         ; 0                 ; 6       ;
;      - polarPWM:u_pwm|tgt_t3~5                                                            ; 0                 ; 6       ;
;      - polarPWM:u_pwm|tgt_t3~6                                                            ; 0                 ; 6       ;
;      - polarPWM:u_pwm|tgt_t3~8                                                            ; 0                 ; 6       ;
;      - grab_ctrl:u_grab|grab_grip                                                         ; 0                 ; 6       ;
;      - polarPWM:u_pwm|tgt_grip~0                                                          ; 0                 ; 6       ;
;      - grab_ctrl:u_grab|kinematics:u_kin|reach_r                                          ; 0                 ; 6       ;
;      - LIDAR:u_lidar|found_r                                                              ; 0                 ; 6       ;
;      - grab_ctrl:u_grab|kinematics:u_kin|st.S_DONE                                        ; 0                 ; 6       ;
;      - grab_ctrl:u_grab|kinematics:u_kin|st.S_IDLE                                        ; 0                 ; 6       ;
;      - LIDAR:u_lidar|best_phi[7]                                                          ; 0                 ; 6       ;
;      - LIDAR:u_lidar|avg_val[15]                                                          ; 0                 ; 6       ;
;      - LIDAR:u_lidar|best_d[15]                                                           ; 0                 ; 6       ;
;      - LIDAR:u_lidar|avg_val[14]                                                          ; 0                 ; 6       ;
;      - LIDAR:u_lidar|best_d[14]                                                           ; 0                 ; 6       ;
;      - LIDAR:u_lidar|avg_val[13]                                                          ; 0                 ; 6       ;
;      - LIDAR:u_lidar|best_d[13]                                                           ; 0                 ; 6       ;
;      - LIDAR:u_lidar|avg_val[12]                                                          ; 0                 ; 6       ;
;      - LIDAR:u_lidar|best_d[12]                                                           ; 0                 ; 6       ;
;      - LIDAR:u_lidar|avg_val[11]                                                          ; 0                 ; 6       ;
;      - LIDAR:u_lidar|best_d[11]                                                           ; 0                 ; 6       ;
;      - LIDAR:u_lidar|avg_val[10]                                                          ; 0                 ; 6       ;
;      - LIDAR:u_lidar|best_d[10]                                                           ; 0                 ; 6       ;
;      - LIDAR:u_lidar|avg_val[9]                                                           ; 0                 ; 6       ;
;      - LIDAR:u_lidar|best_d[9]                                                            ; 0                 ; 6       ;
;      - LIDAR:u_lidar|avg_val[8]                                                           ; 0                 ; 6       ;
;      - LIDAR:u_lidar|best_d[8]                                                            ; 0                 ; 6       ;
;      - LIDAR:u_lidar|avg_val[7]                                                           ; 0                 ; 6       ;
;      - LIDAR:u_lidar|best_d[7]                                                            ; 0                 ; 6       ;
;      - LIDAR:u_lidar|avg_val[6]                                                           ; 0                 ; 6       ;
;      - LIDAR:u_lidar|best_d[6]                                                            ; 0                 ; 6       ;
;      - LIDAR:u_lidar|avg_val[5]                                                           ; 0                 ; 6       ;
;      - LIDAR:u_lidar|best_d[5]                                                            ; 0                 ; 6       ;
;      - LIDAR:u_lidar|avg_val[4]                                                           ; 0                 ; 6       ;
;      - LIDAR:u_lidar|best_d[4]                                                            ; 0                 ; 6       ;
;      - LIDAR:u_lidar|avg_val[3]                                                           ; 0                 ; 6       ;
;      - LIDAR:u_lidar|best_d[3]                                                            ; 0                 ; 6       ;
;      - LIDAR:u_lidar|avg_val[2]                                                           ; 0                 ; 6       ;
;      - LIDAR:u_lidar|best_d[2]                                                            ; 0                 ; 6       ;
;      - LIDAR:u_lidar|avg_val[1]                                                           ; 0                 ; 6       ;
;      - LIDAR:u_lidar|best_d[1]                                                            ; 0                 ; 6       ;
;      - LIDAR:u_lidar|avg_val[0]                                                           ; 0                 ; 6       ;
;      - LIDAR:u_lidar|best_d[0]                                                            ; 0                 ; 6       ;
;      - LIDAR:u_lidar|best_phi[6]                                                          ; 0                 ; 6       ;
;      - LIDAR:u_lidar|best_phi[5]                                                          ; 0                 ; 6       ;
;      - LIDAR:u_lidar|best_phi[4]                                                          ; 0                 ; 6       ;
;      - LIDAR:u_lidar|best_phi[3]                                                          ; 0                 ; 6       ;
;      - LIDAR:u_lidar|best_phi[2]                                                          ; 0                 ; 6       ;
;      - LIDAR:u_lidar|best_phi[1]                                                          ; 0                 ; 6       ;
;      - LIDAR:u_lidar|phi_step[3]~1                                                        ; 0                 ; 6       ;
;      - LIDAR:u_lidar|best_phi[0]                                                          ; 0                 ; 6       ;
;      - LIDAR:u_lidar|best_t1[6]                                                           ; 0                 ; 6       ;
;      - LIDAR:u_lidar|best_t1[5]                                                           ; 0                 ; 6       ;
;      - LIDAR:u_lidar|best_t1[4]                                                           ; 0                 ; 6       ;
;      - LIDAR:u_lidar|best_t1[3]                                                           ; 0                 ; 6       ;
;      - LIDAR:u_lidar|best_t1[2]                                                           ; 0                 ; 6       ;
;      - LIDAR:u_lidar|best_t1[1]                                                           ; 0                 ; 6       ;
;      - LIDAR:u_lidar|best_t1[0]                                                           ; 0                 ; 6       ;
;      - LIDAR:u_lidar|best_t1[7]                                                           ; 0                 ; 6       ;
;      - polarPWM:u_pwm|ramp_cnt[13]~21                                                     ; 0                 ; 6       ;
;      - grab_ctrl:u_grab|kinematics:u_kin|o_t1_r[7]                                        ; 0                 ; 6       ;
;      - grab_ctrl:u_grab|kinematics:u_kin|o_t1_r[6]                                        ; 0                 ; 6       ;
;      - grab_ctrl:u_grab|kinematics:u_kin|o_t1_r[5]                                        ; 0                 ; 6       ;
;      - grab_ctrl:u_grab|kinematics:u_kin|o_t1_r[4]                                        ; 0                 ; 6       ;
;      - grab_ctrl:u_grab|kinematics:u_kin|o_t1_r[3]                                        ; 0                 ; 6       ;
;      - grab_ctrl:u_grab|kinematics:u_kin|o_t1_r[2]                                        ; 0                 ; 6       ;
;      - grab_ctrl:u_grab|kinematics:u_kin|o_t1_r[1]                                        ; 0                 ; 6       ;
;      - grab_ctrl:u_grab|kinematics:u_kin|o_t1_r[0]                                        ; 0                 ; 6       ;
;      - grab_ctrl:u_grab|kinematics:u_kin|o_t2_r[7]                                        ; 0                 ; 6       ;
;      - grab_ctrl:u_grab|kinematics:u_kin|o_t2_r[1]                                        ; 0                 ; 6       ;
;      - grab_ctrl:u_grab|kinematics:u_kin|o_t2_r[0]                                        ; 0                 ; 6       ;
;      - grab_ctrl:u_grab|kinematics:u_kin|o_t2_r[2]                                        ; 0                 ; 6       ;
;      - grab_ctrl:u_grab|kinematics:u_kin|o_t2_r[3]                                        ; 0                 ; 6       ;
;      - grab_ctrl:u_grab|kinematics:u_kin|o_t2_r[5]                                        ; 0                 ; 6       ;
;      - grab_ctrl:u_grab|kinematics:u_kin|o_t2_r[4]                                        ; 0                 ; 6       ;
;      - grab_ctrl:u_grab|kinematics:u_kin|o_t2_r[6]                                        ; 0                 ; 6       ;
;      - grab_ctrl:u_grab|kinematics:u_kin|o_t3_r[7]                                        ; 0                 ; 6       ;
;      - grab_ctrl:u_grab|kinematics:u_kin|o_t3_r[6]                                        ; 0                 ; 6       ;
;      - grab_ctrl:u_grab|kinematics:u_kin|o_t3_r[5]                                        ; 0                 ; 6       ;
;      - grab_ctrl:u_grab|kinematics:u_kin|o_t3_r[4]                                        ; 0                 ; 6       ;
;      - grab_ctrl:u_grab|kinematics:u_kin|o_t3_r[3]                                        ; 0                 ; 6       ;
;      - grab_ctrl:u_grab|kinematics:u_kin|o_t3_r[2]                                        ; 0                 ; 6       ;
;      - grab_ctrl:u_grab|kinematics:u_kin|o_t3_r[1]                                        ; 0                 ; 6       ;
;      - grab_ctrl:u_grab|kinematics:u_kin|o_t3_r[0]                                        ; 0                 ; 6       ;
;      - grab_ctrl:u_grab|ik_start                                                          ; 0                 ; 6       ;
;      - grab_ctrl:u_grab|kinematics:u_kin|st.S_ACOS_SET                                    ; 0                 ; 6       ;
;      - grab_ctrl:u_grab|kinematics:u_kin|st.S_POST2                                       ; 0                 ; 6       ;
;      - grab_ctrl:u_grab|kinematics:u_kin|st.S_CORDIC                                      ; 0                 ; 6       ;
;      - grab_ctrl:u_grab|kinematics:u_kin|it[0]                                            ; 0                 ; 6       ;
;      - grab_ctrl:u_grab|kinematics:u_kin|it[3]                                            ; 0                 ; 6       ;
;      - grab_ctrl:u_grab|kinematics:u_kin|it[2]                                            ; 0                 ; 6       ;
;      - grab_ctrl:u_grab|kinematics:u_kin|it[1]                                            ; 0                 ; 6       ;
;      - LIDAR:u_lidar|acc[18]                                                              ; 0                 ; 6       ;
;      - LIDAR:u_lidar|acc[17]                                                              ; 0                 ; 6       ;
;      - LIDAR:u_lidar|acc[16]                                                              ; 0                 ; 6       ;
;      - LIDAR:u_lidar|acc[15]                                                              ; 0                 ; 6       ;
;      - LIDAR:u_lidar|acc[14]                                                              ; 0                 ; 6       ;
;      - LIDAR:u_lidar|acc[13]                                                              ; 0                 ; 6       ;
;      - LIDAR:u_lidar|acc[12]                                                              ; 0                 ; 6       ;
;      - LIDAR:u_lidar|acc[11]                                                              ; 0                 ; 6       ;
;      - LIDAR:u_lidar|acc[10]                                                              ; 0                 ; 6       ;
;      - LIDAR:u_lidar|acc[9]                                                               ; 0                 ; 6       ;
;      - LIDAR:u_lidar|acc[8]                                                               ; 0                 ; 6       ;
;      - LIDAR:u_lidar|acc[7]                                                               ; 0                 ; 6       ;
;      - LIDAR:u_lidar|acc[6]                                                               ; 0                 ; 6       ;
;      - LIDAR:u_lidar|acc[5]                                                               ; 0                 ; 6       ;
;      - LIDAR:u_lidar|acc[4]                                                               ; 0                 ; 6       ;
;      - LIDAR:u_lidar|acc[3]                                                               ; 0                 ; 6       ;
;      - LIDAR:u_lidar|acc[2]                                                               ; 0                 ; 6       ;
;      - LIDAR:u_lidar|acc[1]                                                               ; 0                 ; 6       ;
;      - LIDAR:u_lidar|acc[0]                                                               ; 0                 ; 6       ;
;      - LIDAR:u_lidar|min_phi_r[7]                                                         ; 0                 ; 6       ;
;      - grab_ctrl:u_grab|kinematics:u_kin|phi_l[7]~1                                       ; 0                 ; 6       ;
;      - LIDAR:u_lidar|min_phi_r[1]                                                         ; 0                 ; 6       ;
;      - LIDAR:u_lidar|min_phi_r[0]                                                         ; 0                 ; 6       ;
;      - LIDAR:u_lidar|min_phi_r[3]                                                         ; 0                 ; 6       ;
;      - LIDAR:u_lidar|min_phi_r[6]                                                         ; 0                 ; 6       ;
;      - LIDAR:u_lidar|min_phi_r[2]                                                         ; 0                 ; 6       ;
;      - LIDAR:u_lidar|min_phi_r[4]                                                         ; 0                 ; 6       ;
;      - LIDAR:u_lidar|min_phi_r[5]                                                         ; 0                 ; 6       ;
;      - grab_ctrl:u_grab|kinematics:u_kin|zi[23]                                           ; 0                 ; 6       ;
;      - grab_ctrl:u_grab|kinematics:u_kin|zi[22]                                           ; 0                 ; 6       ;
;      - grab_ctrl:u_grab|kinematics:u_kin|zi[21]                                           ; 0                 ; 6       ;
;      - grab_ctrl:u_grab|kinematics:u_kin|zi[20]                                           ; 0                 ; 6       ;
;      - grab_ctrl:u_grab|kinematics:u_kin|zi[19]                                           ; 0                 ; 6       ;
;      - grab_ctrl:u_grab|kinematics:u_kin|zi[18]                                           ; 0                 ; 6       ;
;      - grab_ctrl:u_grab|kinematics:u_kin|zi[17]                                           ; 0                 ; 6       ;
;      - grab_ctrl:u_grab|kinematics:u_kin|zi[16]                                           ; 0                 ; 6       ;
;      - grab_ctrl:u_grab|kinematics:u_kin|zi[15]                                           ; 0                 ; 6       ;
;      - grab_ctrl:u_grab|kinematics:u_kin|zi[14]                                           ; 0                 ; 6       ;
;      - grab_ctrl:u_grab|kinematics:u_kin|zi[13]                                           ; 0                 ; 6       ;
;      - grab_ctrl:u_grab|kinematics:u_kin|zi[12]                                           ; 0                 ; 6       ;
;      - grab_ctrl:u_grab|kinematics:u_kin|zi[11]                                           ; 0                 ; 6       ;
;      - grab_ctrl:u_grab|kinematics:u_kin|zi[10]                                           ; 0                 ; 6       ;
;      - grab_ctrl:u_grab|kinematics:u_kin|zi[9]                                            ; 0                 ; 6       ;
;      - grab_ctrl:u_grab|kinematics:u_kin|zi[8]                                            ; 0                 ; 6       ;
;      - grab_ctrl:u_grab|kinematics:u_kin|zi[7]                                            ; 0                 ; 6       ;
;      - grab_ctrl:u_grab|kinematics:u_kin|zi[6]                                            ; 0                 ; 6       ;
;      - grab_ctrl:u_grab|kinematics:u_kin|zi[5]                                            ; 0                 ; 6       ;
;      - grab_ctrl:u_grab|kinematics:u_kin|zi[4]                                            ; 0                 ; 6       ;
;      - grab_ctrl:u_grab|kinematics:u_kin|zi[3]                                            ; 0                 ; 6       ;
;      - grab_ctrl:u_grab|kinematics:u_kin|zi[2]                                            ; 0                 ; 6       ;
;      - grab_ctrl:u_grab|kinematics:u_kin|zi[0]                                            ; 0                 ; 6       ;
;      - grab_ctrl:u_grab|kinematics:u_kin|zi[1]                                            ; 0                 ; 6       ;
;      - grab_ctrl:u_grab|kinematics:u_kin|cordic_ret.S_ACOS_SET                            ; 0                 ; 6       ;
;      - grab_ctrl:u_grab|kinematics:u_kin|cordic_ret.S_POST2                               ; 0                 ; 6       ;
;      - grab_ctrl:u_grab|kinematics:u_kin|st.S_FK                                          ; 0                 ; 6       ;
;      - grab_ctrl:u_grab|kinematics:u_kin|st.S_IK                                          ; 0                 ; 6       ;
;      - grab_ctrl:u_grab|kinematics:u_kin|st.S_ELBOW                                       ; 0                 ; 6       ;
;      - grab_ctrl:u_grab|kinematics:u_kin|cordic_ret.S_IDLE~0                              ; 0                 ; 6       ;
;      - grab_ctrl:u_grab|kinematics:u_kin|st.S_THETA1                                      ; 0                 ; 6       ;
;      - grab_ctrl:u_grab|kinematics:u_kin|t1d[0]~0                                         ; 0                 ; 6       ;
;      - grab_ctrl:u_grab|kinematics:u_kin|yi[23]                                           ; 0                 ; 6       ;
;      - grab_ctrl:u_grab|kinematics:u_kin|xi[18]~_Duplicate_1                              ; 0                 ; 6       ;
;      - grab_ctrl:u_grab|kinematics:u_kin|xi[19]~_Duplicate_1                              ; 0                 ; 6       ;
;      - grab_ctrl:u_grab|kinematics:u_kin|xi[20]~_Duplicate_1                              ; 0                 ; 6       ;
;      - grab_ctrl:u_grab|kinematics:u_kin|xi[21]~_Duplicate_1                              ; 0                 ; 6       ;
;      - grab_ctrl:u_grab|kinematics:u_kin|xi[22]~_Duplicate_1                              ; 0                 ; 6       ;
;      - grab_ctrl:u_grab|kinematics:u_kin|xi[23]~_Duplicate_1                              ; 0                 ; 6       ;
;      - grab_ctrl:u_grab|kinematics:u_kin|xi[0]                                            ; 0                 ; 6       ;
;      - grab_ctrl:u_grab|kinematics:u_kin|xi[1]                                            ; 0                 ; 6       ;
;      - grab_ctrl:u_grab|kinematics:u_kin|xi[2]                                            ; 0                 ; 6       ;
;      - grab_ctrl:u_grab|kinematics:u_kin|xi[3]                                            ; 0                 ; 6       ;
;      - grab_ctrl:u_grab|kinematics:u_kin|xi[4]                                            ; 0                 ; 6       ;
;      - grab_ctrl:u_grab|kinematics:u_kin|xi[5]                                            ; 0                 ; 6       ;
;      - grab_ctrl:u_grab|kinematics:u_kin|xi[6]                                            ; 0                 ; 6       ;
;      - grab_ctrl:u_grab|kinematics:u_kin|xi[7]                                            ; 0                 ; 6       ;
;      - grab_ctrl:u_grab|kinematics:u_kin|xi[8]                                            ; 0                 ; 6       ;
;      - grab_ctrl:u_grab|kinematics:u_kin|xi[9]                                            ; 0                 ; 6       ;
;      - grab_ctrl:u_grab|kinematics:u_kin|xi[10]                                           ; 0                 ; 6       ;
;      - grab_ctrl:u_grab|kinematics:u_kin|xi[11]                                           ; 0                 ; 6       ;
;      - grab_ctrl:u_grab|kinematics:u_kin|xi[12]                                           ; 0                 ; 6       ;
;      - grab_ctrl:u_grab|kinematics:u_kin|xi[13]                                           ; 0                 ; 6       ;
;      - grab_ctrl:u_grab|kinematics:u_kin|xi[14]                                           ; 0                 ; 6       ;
;      - grab_ctrl:u_grab|kinematics:u_kin|xi[15]                                           ; 0                 ; 6       ;
;      - grab_ctrl:u_grab|kinematics:u_kin|xi[16]                                           ; 0                 ; 6       ;
;      - grab_ctrl:u_grab|kinematics:u_kin|xi[17]                                           ; 0                 ; 6       ;
;      - grab_ctrl:u_grab|kinematics:u_kin|st.S_FK_W                                        ; 0                 ; 6       ;
;      - grab_ctrl:u_grab|kinematics:u_kin|st.S_IK_W                                        ; 0                 ; 6       ;
;      - grab_ctrl:u_grab|kinematics:u_kin|st.S_LUT2_W                                      ; 0                 ; 6       ;
;      - LIDAR:u_lidar|VL53L0X:u_VL53L0X|val_r2[3]~0                                        ; 0                 ; 6       ;
;      - grab_ctrl:u_grab|kinematics:u_kin|acos_idx[5]                                      ; 0                 ; 6       ;
;      - grab_ctrl:u_grab|kinematics:u_kin|acos_idx[1]                                      ; 0                 ; 6       ;
;      - grab_ctrl:u_grab|kinematics:u_kin|acos_idx[2]                                      ; 0                 ; 6       ;
;      - grab_ctrl:u_grab|kinematics:u_kin|acos_idx[3]                                      ; 0                 ; 6       ;
;      - grab_ctrl:u_grab|kinematics:u_kin|acos_idx[4]                                      ; 0                 ; 6       ;
;      - grab_ctrl:u_grab|kinematics:u_kin|acos_idx[6]                                      ; 0                 ; 6       ;
;      - grab_ctrl:u_grab|kinematics:u_kin|acos_idx[7]                                      ; 0                 ; 6       ;
;      - grab_ctrl:u_grab|kinematics:u_kin|acos_idx[0]                                      ; 0                 ; 6       ;
;      - grab_ctrl:u_grab|kinematics:u_kin|st.S_ACOS_W                                      ; 0                 ; 6       ;
;      - LIDAR:u_lidar|min_d_r[15]                                                          ; 0                 ; 6       ;
;      - LIDAR:u_lidar|min_d_r[14]                                                          ; 0                 ; 6       ;
;      - LIDAR:u_lidar|min_d_r[13]                                                          ; 0                 ; 6       ;
;      - LIDAR:u_lidar|min_d_r[12]                                                          ; 0                 ; 6       ;
;      - LIDAR:u_lidar|min_d_r[11]                                                          ; 0                 ; 6       ;
;      - LIDAR:u_lidar|min_d_r[10]                                                          ; 0                 ; 6       ;
;      - LIDAR:u_lidar|min_d_r[9]                                                           ; 0                 ; 6       ;
;      - LIDAR:u_lidar|min_d_r[8]                                                           ; 0                 ; 6       ;
;      - LIDAR:u_lidar|min_d_r[7]                                                           ; 0                 ; 6       ;
;      - LIDAR:u_lidar|min_d_r[6]                                                           ; 0                 ; 6       ;
;      - LIDAR:u_lidar|min_d_r[5]                                                           ; 0                 ; 6       ;
;      - LIDAR:u_lidar|min_d_r[4]                                                           ; 0                 ; 6       ;
;      - LIDAR:u_lidar|min_d_r[3]                                                           ; 0                 ; 6       ;
;      - LIDAR:u_lidar|min_d_r[2]                                                           ; 0                 ; 6       ;
;      - LIDAR:u_lidar|min_d_r[1]                                                           ; 0                 ; 6       ;
;      - LIDAR:u_lidar|min_d_r[0]                                                           ; 0                 ; 6       ;
;      - grab_ctrl:u_grab|kinematics:u_kin|yi[22]                                           ; 0                 ; 6       ;
;      - grab_ctrl:u_grab|kinematics:u_kin|yi[21]                                           ; 0                 ; 6       ;
;      - grab_ctrl:u_grab|kinematics:u_kin|yi[20]                                           ; 0                 ; 6       ;
;      - grab_ctrl:u_grab|kinematics:u_kin|yi[19]                                           ; 0                 ; 6       ;
;      - grab_ctrl:u_grab|kinematics:u_kin|yi[18]                                           ; 0                 ; 6       ;
;      - grab_ctrl:u_grab|kinematics:u_kin|yi[17]                                           ; 0                 ; 6       ;
;      - grab_ctrl:u_grab|kinematics:u_kin|yi[16]                                           ; 0                 ; 6       ;
;      - grab_ctrl:u_grab|kinematics:u_kin|yi[15]                                           ; 0                 ; 6       ;
;      - grab_ctrl:u_grab|kinematics:u_kin|yi[14]                                           ; 0                 ; 6       ;
;      - grab_ctrl:u_grab|kinematics:u_kin|yi[13]                                           ; 0                 ; 6       ;
;      - grab_ctrl:u_grab|kinematics:u_kin|yi[12]                                           ; 0                 ; 6       ;
;      - grab_ctrl:u_grab|kinematics:u_kin|yi[11]                                           ; 0                 ; 6       ;
;      - grab_ctrl:u_grab|kinematics:u_kin|yi[10]                                           ; 0                 ; 6       ;
;      - grab_ctrl:u_grab|kinematics:u_kin|yi[9]                                            ; 0                 ; 6       ;
;      - grab_ctrl:u_grab|kinematics:u_kin|yi[8]                                            ; 0                 ; 6       ;
;      - grab_ctrl:u_grab|kinematics:u_kin|yi[7]                                            ; 0                 ; 6       ;
;      - grab_ctrl:u_grab|kinematics:u_kin|yi[6]                                            ; 0                 ; 6       ;
;      - grab_ctrl:u_grab|kinematics:u_kin|yi[5]                                            ; 0                 ; 6       ;
;      - grab_ctrl:u_grab|kinematics:u_kin|yi[4]                                            ; 0                 ; 6       ;
;      - grab_ctrl:u_grab|kinematics:u_kin|yi[3]                                            ; 0                 ; 6       ;
;      - grab_ctrl:u_grab|kinematics:u_kin|yi[2]                                            ; 0                 ; 6       ;
;      - grab_ctrl:u_grab|kinematics:u_kin|yi[1]                                            ; 0                 ; 6       ;
;      - grab_ctrl:u_grab|kinematics:u_kin|yi[0]                                            ; 0                 ; 6       ;
;      - grab_ctrl:u_grab|kinematics:u_kin|st.S_IK_SET                                      ; 0                 ; 6       ;
;      - grab_ctrl:u_grab|kinematics:u_kin|rw[11]~0                                         ; 0                 ; 6       ;
;      - grab_ctrl:u_grab|kinematics:u_kin|trig_idx[4]                                      ; 0                 ; 6       ;
;      - grab_ctrl:u_grab|kinematics:u_kin|trig_idx[0]                                      ; 0                 ; 6       ;
;      - grab_ctrl:u_grab|kinematics:u_kin|st.S_FK_POST                                     ; 0                 ; 6       ;
;      - LIDAR:u_lidar|min_t1_r[7]                                                          ; 0                 ; 6       ;
;      - LIDAR:u_lidar|min_t1_r[6]                                                          ; 0                 ; 6       ;
;      - LIDAR:u_lidar|min_t1_r[5]                                                          ; 0                 ; 6       ;
;      - LIDAR:u_lidar|min_t1_r[4]                                                          ; 0                 ; 6       ;
;      - LIDAR:u_lidar|min_t1_r[3]                                                          ; 0                 ; 6       ;
;      - LIDAR:u_lidar|min_t1_r[2]                                                          ; 0                 ; 6       ;
;      - LIDAR:u_lidar|min_t1_r[1]                                                          ; 0                 ; 6       ;
;      - LIDAR:u_lidar|min_t1_r[0]                                                          ; 0                 ; 6       ;
;      - grab_ctrl:u_grab|kinematics:u_kin|cordic_ret.S_FK_POST                             ; 0                 ; 6       ;
;      - grab_ctrl:u_grab|kinematics:u_kin|th_fk[0]~0                                       ; 0                 ; 6       ;
;      - grab_ctrl:u_grab|kinematics:u_kin|lpm_mult:Mult4|mult_imt:auto_generated|mac_mult3 ; 0                 ; 6       ;
; sensor_izq                                                                                ;                   ;         ;
;      - MaquinaEstados:u_me|flt_izq[1]~19                                                  ; 1                 ; 6       ;
;      - MaquinaEstados:u_me|flt_izq[2]~21                                                  ; 1                 ; 6       ;
;      - MaquinaEstados:u_me|flt_izq[3]~23                                                  ; 1                 ; 6       ;
;      - MaquinaEstados:u_me|flt_izq[4]~25                                                  ; 1                 ; 6       ;
;      - MaquinaEstados:u_me|flt_izq[5]~27                                                  ; 1                 ; 6       ;
;      - MaquinaEstados:u_me|flt_izq[6]~29                                                  ; 1                 ; 6       ;
;      - MaquinaEstados:u_me|flt_izq[7]~31                                                  ; 1                 ; 6       ;
;      - MaquinaEstados:u_me|flt_izq[8]~33                                                  ; 1                 ; 6       ;
;      - MaquinaEstados:u_me|flt_izq[9]~35                                                  ; 1                 ; 6       ;
;      - MaquinaEstados:u_me|flt_izq[10]~37                                                 ; 1                 ; 6       ;
;      - MaquinaEstados:u_me|flt_izq[11]~41                                                 ; 1                 ; 6       ;
;      - MaquinaEstados:u_me|flt_izq[12]~43                                                 ; 1                 ; 6       ;
;      - MaquinaEstados:u_me|flt_izq[13]~45                                                 ; 1                 ; 6       ;
;      - MaquinaEstados:u_me|flt_izq[14]~47                                                 ; 1                 ; 6       ;
;      - MaquinaEstados:u_me|flt_izq[15]~49                                                 ; 1                 ; 6       ;
;      - MaquinaEstados:u_me|flt_izq[5]~40                                                  ; 1                 ; 6       ;
; sensor_der                                                                                ;                   ;         ;
+-------------------------------------------------------------------------------------------+-------------------+---------+


+---------------------------------------------------------------------------------------------------------------------------------------------------------------------------------------------------------------+
; Control Signals                                                                                                                                                                                               ;
+-------------------------------------------------------+--------------------+---------+-----------------------------------------+--------+----------------------+------------------+---------------------------+
; Name                                                  ; Location           ; Fan-Out ; Usage                                   ; Global ; Global Resource Used ; Global Line Name ; Enable Signal Source Name ;
+-------------------------------------------------------+--------------------+---------+-----------------------------------------+--------+----------------------+------------------+---------------------------+
; LIDAR:u_lidar|Selector98~8                            ; LCCOMB_X5_Y6_N18   ; 18      ; Clock enable                            ; no     ; --                   ; --               ; --                        ;
; LIDAR:u_lidar|VL53L0X:u_VL53L0X|LessThan1~4           ; LCCOMB_X7_Y9_N8    ; 16      ; Sync. clear                             ; no     ; --                   ; --               ; --                        ;
; LIDAR:u_lidar|VL53L0X:u_VL53L0X|Selector16~2          ; LCCOMB_X7_Y13_N22  ; 3       ; Clock enable                            ; no     ; --                   ; --               ; --                        ;
; LIDAR:u_lidar|VL53L0X:u_VL53L0X|Selector64~1          ; LCCOMB_X4_Y11_N0   ; 8       ; Clock enable                            ; no     ; --                   ; --               ; --                        ;
; LIDAR:u_lidar|VL53L0X:u_VL53L0X|Selector83~0          ; LCCOMB_X7_Y11_N2   ; 17      ; Clock enable                            ; no     ; --                   ; --               ; --                        ;
; LIDAR:u_lidar|VL53L0X:u_VL53L0X|app_state.A_TUNE_WAIT ; LCFF_X4_Y11_N7     ; 12      ; Sync. clear                             ; no     ; --                   ; --               ; --                        ;
; LIDAR:u_lidar|VL53L0X:u_VL53L0X|app_state.A_UPDATE    ; LCFF_X7_Y11_N29    ; 20      ; Clock enable                            ; no     ; --                   ; --               ; --                        ;
; LIDAR:u_lidar|VL53L0X:u_VL53L0X|e_q[3]~9              ; LCCOMB_X10_Y13_N16 ; 7       ; Sync. clear                             ; no     ; --                   ; --               ; --                        ;
; LIDAR:u_lidar|VL53L0X:u_VL53L0X|e_shift[6]~2          ; LCCOMB_X10_Y13_N22 ; 7       ; Clock enable                            ; no     ; --                   ; --               ; --                        ;
; LIDAR:u_lidar|VL53L0X:u_VL53L0X|eng_rd_data[7]~2      ; LCCOMB_X9_Y13_N8   ; 8       ; Clock enable                            ; no     ; --                   ; --               ; --                        ;
; LIDAR:u_lidar|VL53L0X:u_VL53L0X|eng_wr_data[7]~4      ; LCCOMB_X9_Y12_N2   ; 7       ; Clock enable                            ; no     ; --                   ; --               ; --                        ;
; LIDAR:u_lidar|VL53L0X:u_VL53L0X|idx[0]~12             ; LCCOMB_X6_Y13_N20  ; 5       ; Sync. clear                             ; no     ; --                   ; --               ; --                        ;
; LIDAR:u_lidar|VL53L0X:u_VL53L0X|idx[0]~14             ; LCCOMB_X6_Y13_N8   ; 20      ; Clock enable                            ; no     ; --                   ; --               ; --                        ;
; LIDAR:u_lidar|VL53L0X:u_VL53L0X|idx[0]~18             ; LCCOMB_X7_Y11_N4   ; 5       ; Clock enable                            ; no     ; --                   ; --               ; --                        ;
; LIDAR:u_lidar|VL53L0X:u_VL53L0X|lsb_r[7]~2            ; LCCOMB_X9_Y10_N10  ; 8       ; Clock enable                            ; no     ; --                   ; --               ; --                        ;
; LIDAR:u_lidar|VL53L0X:u_VL53L0X|msb_r[0]~3            ; LCCOMB_X9_Y10_N22  ; 8       ; Clock enable                            ; no     ; --                   ; --               ; --                        ;
; LIDAR:u_lidar|VL53L0X:u_VL53L0X|poll_cnt[7]~10        ; LCCOMB_X7_Y10_N0   ; 8       ; Sync. clear                             ; no     ; --                   ; --               ; --                        ;
; LIDAR:u_lidar|VL53L0X:u_VL53L0X|poll_cnt[7]~13        ; LCCOMB_X7_Y10_N14  ; 8       ; Clock enable                            ; no     ; --                   ; --               ; --                        ;
; LIDAR:u_lidar|VL53L0X:u_VL53L0X|rmw_val[7]~3          ; LCCOMB_X7_Y11_N30  ; 8       ; Clock enable                            ; no     ; --                   ; --               ; --                        ;
; LIDAR:u_lidar|VL53L0X:u_VL53L0X|sv_r[7]~0             ; LCCOMB_X6_Y11_N0   ; 8       ; Clock enable                            ; no     ; --                   ; --               ; --                        ;
; LIDAR:u_lidar|VL53L0X:u_VL53L0X|txn_reg[6]~1          ; LCCOMB_X5_Y11_N20  ; 9       ; Clock enable                            ; no     ; --                   ; --               ; --                        ;
; LIDAR:u_lidar|VL53L0X:u_VL53L0X|txn_state.T_DONE      ; LCFF_X8_Y13_N9     ; 19      ; Clock enable                            ; no     ; --                   ; --               ; --                        ;
; LIDAR:u_lidar|VL53L0X:u_VL53L0X|txn_state.T_ISSUE     ; LCFF_X8_Y10_N1     ; 8       ; Clock enable                            ; no     ; --                   ; --               ; --                        ;
; LIDAR:u_lidar|VL53L0X:u_VL53L0X|txn_step[0]~0         ; LCCOMB_X8_Y10_N12  ; 19      ; Clock enable                            ; no     ; --                   ; --               ; --                        ;
; LIDAR:u_lidar|VL53L0X:u_VL53L0X|txn_wdata[5]~0        ; LCCOMB_X6_Y12_N12  ; 8       ; Clock enable                            ; no     ; --                   ; --               ; --                        ;
; LIDAR:u_lidar|VL53L0X:u_VL53L0X|val_r2[3]~0           ; LCCOMB_X5_Y12_N20  ; 21      ; Clock enable                            ; no     ; --                   ; --               ; --                        ;
; LIDAR:u_lidar|acc[21]~0                               ; LCCOMB_X6_Y6_N26   ; 19      ; Clock enable                            ; no     ; --                   ; --               ; --                        ;
; LIDAR:u_lidar|best_d[14]~0                            ; LCCOMB_X21_Y4_N0   ; 16      ; Clock enable                            ; no     ; --                   ; --               ; --                        ;
; LIDAR:u_lidar|best_phi[6]~1                           ; LCCOMB_X4_Y6_N16   ; 16      ; Clock enable                            ; no     ; --                   ; --               ; --                        ;
; LIDAR:u_lidar|navg[0]~26                              ; LCCOMB_X5_Y6_N26   ; 8       ; Clock enable                            ; no     ; --                   ; --               ; --                        ;
; LIDAR:u_lidar|phi_cur[0]~2                            ; LCCOMB_X7_Y3_N0    ; 8       ; Clock enable                            ; no     ; --                   ; --               ; --                        ;
; LIDAR:u_lidar|phi_step[3]~1                           ; LCCOMB_X7_Y3_N14   ; 24      ; Clock enable                            ; no     ; --                   ; --               ; --                        ;
; LIDAR:u_lidar|st.S_AVG                                ; LCFF_X5_Y6_N11     ; 33      ; Sync. clear                             ; no     ; --                   ; --               ; --                        ;
; LIDAR:u_lidar|st.S_DONE                               ; LCFF_X1_Y6_N27     ; 38      ; Clock enable                            ; no     ; --                   ; --               ; --                        ;
; LIDAR:u_lidar|st.S_NEXT                               ; LCFF_X5_Y6_N25     ; 68      ; Sync. clear, Sync. load                 ; no     ; --                   ; --               ; --                        ;
; LIDAR:u_lidar|t1_cur[0]~1                             ; LCCOMB_X10_Y2_N18  ; 8       ; Clock enable                            ; no     ; --                   ; --               ; --                        ;
; LIDAR:u_lidar|vl_rst                                  ; LCCOMB_X1_Y6_N12   ; 238     ; Async. clear                            ; yes    ; Global Clock         ; GCLK0            ; --                        ;
; LIDAR:u_lidar|wd_cnt[16]~75                           ; LCCOMB_X5_Y6_N6    ; 24      ; Sync. clear                             ; no     ; --                   ; --               ; --                        ;
; LIDAR:u_lidar|wd_cnt[16]~78                           ; LCCOMB_X1_Y6_N18   ; 24      ; Clock enable                            ; no     ; --                   ; --               ; --                        ;
; MaquinaEstados:u_me|Selector44~4                      ; LCCOMB_X4_Y1_N2    ; 2       ; Clock enable                            ; no     ; --                   ; --               ; --                        ;
; MaquinaEstados:u_me|busca_tries[0]~0                  ; LCCOMB_X7_Y1_N8    ; 2       ; Clock enable                            ; no     ; --                   ; --               ; --                        ;
; MaquinaEstados:u_me|centro_n[0]~4                     ; LCCOMB_X4_Y2_N14   ; 4       ; Clock enable                            ; no     ; --                   ; --               ; --                        ;
; MaquinaEstados:u_me|curva_cnt[16]~38                  ; LCCOMB_X5_Y4_N26   ; 21      ; Sync. clear                             ; no     ; --                   ; --               ; --                        ;
; MaquinaEstados:u_me|est.E_Z_BUSCA_B                   ; LCFF_X5_Y1_N19     ; 16      ; Sync. clear                             ; no     ; --                   ; --               ; --                        ;
; MaquinaEstados:u_me|flt_der[9]~40                     ; LCCOMB_X7_Y3_N24   ; 16      ; Clock enable                            ; no     ; --                   ; --               ; --                        ;
; MaquinaEstados:u_me|flt_izq[5]~40                     ; LCCOMB_X6_Y4_N18   ; 16      ; Clock enable                            ; no     ; --                   ; --               ; --                        ;
; MaquinaEstados:u_me|lockout_cnt[2]~29                 ; LCCOMB_X2_Y4_N22   ; 25      ; Clock enable                            ; no     ; --                   ; --               ; --                        ;
; MaquinaEstados:u_me|lockout_cnt[2]~78                 ; LCCOMB_X2_Y4_N16   ; 25      ; Sync. load                              ; no     ; --                   ; --               ; --                        ;
; MaquinaEstados:u_me|paso_n[3]~14                      ; LCCOMB_X3_Y2_N28   ; 5       ; Sync. clear                             ; no     ; --                   ; --               ; --                        ;
; MaquinaEstados:u_me|paso_n[3]~23                      ; LCCOMB_X5_Y1_N2    ; 5       ; Clock enable                            ; no     ; --                   ; --               ; --                        ;
; MaquinaEstados:u_me|pivote:u_piv|dur_cnt[14]~2        ; LCCOMB_X24_Y1_N0   ; 16      ; Clock enable                            ; no     ; --                   ; --               ; --                        ;
; MaquinaEstados:u_me|pivote:u_piv|pst.P_SETTLE         ; LCFF_X24_Y1_N29    ; 13      ; Sync. clear                             ; no     ; --                   ; --               ; --                        ;
; MaquinaEstados:u_me|tcnt[10]~49                       ; LCCOMB_X2_Y3_N22   ; 24      ; Sync. clear                             ; no     ; --                   ; --               ; --                        ;
; MaquinaEstados:u_me|tcnt[10]~53                       ; LCCOMB_X1_Y2_N4    ; 24      ; Clock enable                            ; no     ; --                   ; --               ; --                        ;
; clk                                                   ; PIN_17             ; 1098    ; Clock                                   ; yes    ; Global Clock         ; GCLK2            ; --                        ;
; grab_ctrl:u_grab|Selector7~0                          ; LCCOMB_X18_Y7_N28  ; 32      ; Clock enable                            ; no     ; --                   ; --               ; --                        ;
; grab_ctrl:u_grab|kinematics:u_kin|WideOr24~0          ; LCCOMB_X19_Y6_N30  ; 77      ; Clock enable                            ; no     ; --                   ; --               ; --                        ;
; grab_ctrl:u_grab|kinematics:u_kin|phi_l[7]~1          ; LCCOMB_X18_Y6_N0   ; 8       ; Clock enable                            ; no     ; --                   ; --               ; --                        ;
; grab_ctrl:u_grab|kinematics:u_kin|rw[11]~0            ; LCCOMB_X15_Y7_N10  ; 24      ; Clock enable                            ; no     ; --                   ; --               ; --                        ;
; grab_ctrl:u_grab|kinematics:u_kin|st.S_ACOS_SET       ; LCFF_X19_Y6_N17    ; 10      ; Clock enable                            ; no     ; --                   ; --               ; --                        ;
; grab_ctrl:u_grab|kinematics:u_kin|st.S_POST2          ; LCFF_X19_Y6_N21    ; 25      ; Clock enable                            ; no     ; --                   ; --               ; --                        ;
; grab_ctrl:u_grab|kinematics:u_kin|st.S_THETA1         ; LCFF_X18_Y7_N13    ; 13      ; Sync. load                              ; no     ; --                   ; --               ; --                        ;
; grab_ctrl:u_grab|kinematics:u_kin|t1d[0]~0            ; LCCOMB_X27_Y7_N16  ; 10      ; Clock enable                            ; no     ; --                   ; --               ; --                        ;
; grab_ctrl:u_grab|kinematics:u_kin|th_fk[0]~0          ; LCCOMB_X19_Y6_N26  ; 12      ; Clock enable                            ; no     ; --                   ; --               ; --                        ;
; grab_ctrl:u_grab|kinematics:u_kin|trig_idx[3]~14      ; LCCOMB_X19_Y6_N18  ; 9       ; Clock enable                            ; no     ; --                   ; --               ; --                        ;
; grab_ctrl:u_grab|kinematics:u_kin|trig_idx[8]         ; LCFF_X27_Y4_N17    ; 25      ; Sync. clear                             ; no     ; --                   ; --               ; --                        ;
; grab_ctrl:u_grab|tmr[15]~75                           ; LCCOMB_X15_Y9_N12  ; 27      ; Sync. clear                             ; no     ; --                   ; --               ; --                        ;
; grab_ctrl:u_grab|tmr[15]~77                           ; LCCOMB_X15_Y9_N10  ; 27      ; Clock enable                            ; no     ; --                   ; --               ; --                        ;
; polarPWM:u_pwm|cuenta[6]~54                           ; LCCOMB_X21_Y9_N20  ; 20      ; Sync. clear                             ; no     ; --                   ; --               ; --                        ;
; polarPWM:u_pwm|cur_grip[0]~3                          ; LCCOMB_X9_Y7_N26   ; 8       ; Clock enable                            ; no     ; --                   ; --               ; --                        ;
; polarPWM:u_pwm|cur_phi[7]~0                           ; LCCOMB_X21_Y11_N20 ; 8       ; Clock enable                            ; no     ; --                   ; --               ; --                        ;
; polarPWM:u_pwm|cur_t1[7]~0                            ; LCCOMB_X21_Y11_N28 ; 8       ; Clock enable                            ; no     ; --                   ; --               ; --                        ;
; polarPWM:u_pwm|cur_t2[6]~0                            ; LCCOMB_X9_Y7_N18   ; 8       ; Clock enable                            ; no     ; --                   ; --               ; --                        ;
; polarPWM:u_pwm|cur_t3[6]~0                            ; LCCOMB_X19_Y12_N26 ; 8       ; Clock enable                            ; no     ; --                   ; --               ; --                        ;
; polarPWM:u_pwm|ramp_cnt[13]~21                        ; LCCOMB_X17_Y12_N30 ; 19      ; Sync. clear                             ; no     ; --                   ; --               ; --                        ;
; reset                                                 ; PIN_144            ; 688     ; Async. clear, Clock enable, Sync. clear ; no     ; --                   ; --               ; --                        ;
+-------------------------------------------------------+--------------------+---------+-----------------------------------------+--------+----------------------+------------------+---------------------------+


+-------------------------------------------------------------------------------------------------------------------------+
; Global & Other Fast Signals                                                                                             ;
+----------------------+------------------+---------+----------------------+------------------+---------------------------+
; Name                 ; Location         ; Fan-Out ; Global Resource Used ; Global Line Name ; Enable Signal Source Name ;
+----------------------+------------------+---------+----------------------+------------------+---------------------------+
; LIDAR:u_lidar|vl_rst ; LCCOMB_X1_Y6_N12 ; 238     ; Global Clock         ; GCLK0            ; --                        ;
; clk                  ; PIN_17           ; 1098    ; Global Clock         ; GCLK2            ; --                        ;
+----------------------+------------------+---------+----------------------+------------------+---------------------------+


+-------------------------------------------------------------------------------------------------------+
; Non-Global High Fan-Out Signals                                                                       ;
+---------------------------------------------------------------------------------------------+---------+
; Name                                                                                        ; Fan-Out ;
+---------------------------------------------------------------------------------------------+---------+
; reset                                                                                       ; 688     ;
; grab_ctrl:u_grab|kinematics:u_kin|trig_idx[0]                                               ; 233     ;
; grab_ctrl:u_grab|kinematics:u_kin|trig_idx[1]                                               ; 219     ;
; grab_ctrl:u_grab|kinematics:u_kin|trig_idx[2]                                               ; 209     ;
; grab_ctrl:u_grab|kinematics:u_kin|trig_idx[6]                                               ; 205     ;
; grab_ctrl:u_grab|kinematics:u_kin|trig_idx[3]                                               ; 202     ;
; grab_ctrl:u_grab|kinematics:u_kin|trig_idx[5]                                               ; 181     ;
; grab_ctrl:u_grab|kinematics:u_kin|trig_idx[4]                                               ; 176     ;
; grab_ctrl:u_grab|kinematics:u_kin|trig_idx[7]                                               ; 125     ;
; grab_ctrl:u_grab|kinematics:u_kin|yi[23]                                                    ; 92      ;
; grab_ctrl:u_grab|kinematics:u_kin|st.S_CORDIC                                               ; 84      ;
; grab_ctrl:u_grab|kinematics:u_kin|WideOr24~0                                                ; 77      ;
; grab_ctrl:u_grab|kinematics:u_kin|it[3]                                                     ; 75      ;
; LIDAR:u_lidar|st.S_NEXT                                                                     ; 68      ;
; LIDAR:u_lidar|VL53L0X:u_VL53L0X|tune_idx[0]                                                 ; 68      ;
; grab_ctrl:u_grab|kinematics:u_kin|it[0]                                                     ; 65      ;
; polarPWM:u_pwm|cur_grip[1]                                                                  ; 65      ;
; polarPWM:u_pwm|cur_t1[1]                                                                    ; 64      ;
; polarPWM:u_pwm|cur_t3[1]                                                                    ; 64      ;
; polarPWM:u_pwm|cur_t2[1]                                                                    ; 64      ;
; polarPWM:u_pwm|cur_phi[1]                                                                   ; 64      ;
; grab_ctrl:u_grab|kinematics:u_kin|it[1]                                                     ; 63      ;
; LIDAR:u_lidar|st.S_IDLE                                                                     ; 63      ;
; LIDAR:u_lidar|VL53L0X:u_VL53L0X|tune_idx[1]                                                 ; 63      ;
; polarPWM:u_pwm|cur_grip[0]                                                                  ; 62      ;
; grab_ctrl:u_grab|kinematics:u_kin|it[2]                                                     ; 61      ;
; polarPWM:u_pwm|cur_t1[3]                                                                    ; 61      ;
; polarPWM:u_pwm|cur_grip[3]                                                                  ; 61      ;
; polarPWM:u_pwm|cur_t3[3]                                                                    ; 61      ;
; polarPWM:u_pwm|cur_t2[3]                                                                    ; 61      ;
; polarPWM:u_pwm|cur_t2[0]                                                                    ; 61      ;
; polarPWM:u_pwm|cur_phi[3]                                                                   ; 61      ;
; polarPWM:u_pwm|cur_phi[0]                                                                   ; 61      ;
; polarPWM:u_pwm|cur_t3[0]                                                                    ; 60      ;
; polarPWM:u_pwm|cur_t1[0]                                                                    ; 60      ;
; grab_ctrl:u_grab|kinematics:u_kin|xi[15]~1                                                  ; 55      ;
; grab_ctrl:u_grab|kinematics:u_kin|xi[15]~0                                                  ; 55      ;
; polarPWM:u_pwm|cur_t3[2]                                                                    ; 55      ;
; polarPWM:u_pwm|cur_grip[2]                                                                  ; 55      ;
; polarPWM:u_pwm|cur_t2[2]                                                                    ; 55      ;
; polarPWM:u_pwm|cur_t1[2]                                                                    ; 55      ;
; polarPWM:u_pwm|cur_phi[2]                                                                   ; 55      ;
; LIDAR:u_lidar|VL53L0X:u_VL53L0X|tune_idx[2]                                                 ; 54      ;
; LIDAR:u_lidar|VL53L0X:u_VL53L0X|tune_idx[3]                                                 ; 52      ;
; polarPWM:u_pwm|cur_t3[4]                                                                    ; 51      ;
; polarPWM:u_pwm|cur_t1[4]                                                                    ; 51      ;
; polarPWM:u_pwm|cur_grip[4]                                                                  ; 51      ;
; polarPWM:u_pwm|cur_t2[4]                                                                    ; 51      ;
; polarPWM:u_pwm|cur_phi[4]                                                                   ; 51      ;
; LIDAR:u_lidar|VL53L0X:u_VL53L0X|tune_idx[4]                                                 ; 50      ;
; LIDAR:u_lidar|VL53L0X:u_VL53L0X|tune_idx[5]                                                 ; 47      ;
; polarPWM:u_pwm|cur_t3[5]                                                                    ; 45      ;
; polarPWM:u_pwm|cur_t2[5]                                                                    ; 45      ;
; polarPWM:u_pwm|cur_t1[5]                                                                    ; 45      ;
; polarPWM:u_pwm|cur_phi[5]                                                                   ; 45      ;
; polarPWM:u_pwm|cur_grip[5]                                                                  ; 44      ;
; grab_ctrl:u_grab|kinematics:u_kin|acos_idx[4]                                               ; 38      ;
; LIDAR:u_lidar|st.S_DONE                                                                     ; 38      ;
; MaquinaEstados:u_me|est.E_SONDA                                                             ; 38      ;
; grab_ctrl:u_grab|kinematics:u_kin|acos_idx[5]                                               ; 37      ;
; grab_ctrl:u_grab|kinematics:u_kin|acos_idx[0]                                               ; 36      ;
; grab_ctrl:u_grab|kinematics:u_kin|acos_idx[2]                                               ; 36      ;
; MaquinaEstados:u_me|s_der                                                                   ; 36      ;
; grab_ctrl:u_grab|kinematics:u_kin|acos_idx[3]                                               ; 35      ;
; MaquinaEstados:u_me|s_izq                                                                   ; 35      ;
; LIDAR:u_lidar|LessThan2~30                                                                  ; 35      ;
; LIDAR:u_lidar|st.S_AVG                                                                      ; 33      ;
; LIDAR:u_lidar|VL53L0X:u_VL53L0X|tune_idx[6]                                                 ; 33      ;
; grab_ctrl:u_grab|kinematics:u_kin|acos_idx[1]                                               ; 32      ;
; grab_ctrl:u_grab|Selector7~0                                                                ; 32      ;
; LIDAR:u_lidar|VL53L0X:u_VL53L0X|idx[0]                                                      ; 31      ;
; LIDAR:u_lidar|VL53L0X:u_VL53L0X|txn_done                                                    ; 30      ;
; MaquinaEstados:u_me|pivote:u_piv|tick_r                                                     ; 30      ;
; grab_ctrl:u_grab|kinematics:u_kin|zi[23]                                                    ; 29      ;
; LIDAR:u_lidar|VL53L0X:u_VL53L0X|rom_sel                                                     ; 28      ;
; grab_ctrl:u_grab|tmr[15]~77                                                                 ; 27      ;
; grab_ctrl:u_grab|tmr[15]~75                                                                 ; 27      ;
; LIDAR:u_lidar|VL53L0X:u_VL53L0X|idx[1]                                                      ; 27      ;
; MaquinaEstados:u_me|lockout_cnt[2]~78                                                       ; 25      ;
; grab_ctrl:u_grab|kinematics:u_kin|st.S_POST2                                                ; 25      ;
; grab_ctrl:u_grab|gst.G_IK_WAIT                                                              ; 25      ;
; MaquinaEstados:u_me|lockout_cnt[2]~29                                                       ; 25      ;
; grab_ctrl:u_grab|kinematics:u_kin|trig_idx[8]                                               ; 25      ;
; grab_ctrl:u_grab|kinematics:u_kin|Add12~32                                                  ; 25      ;
; LIDAR:u_lidar|wd_cnt[16]~78                                                                 ; 24      ;
; grab_ctrl:u_grab|kinematics:u_kin|rw[11]~0                                                  ; 24      ;
; LIDAR:u_lidar|VL53L0X:u_VL53L0X|app_state.A_RMW_WR                                          ; 24      ;
; LIDAR:u_lidar|phi_step[3]~1                                                                 ; 24      ;
; MaquinaEstados:u_me|tcnt[10]~53                                                             ; 24      ;
; MaquinaEstados:u_me|tcnt[10]~49                                                             ; 24      ;
; LIDAR:u_lidar|wd_cnt[16]~75                                                                 ; 24      ;
; LIDAR:u_lidar|VL53L0X:u_VL53L0X|e_st.ES_IDLE                                                ; 24      ;
; LIDAR:u_lidar|VL53L0X:u_VL53L0X|idx[3]                                                      ; 24      ;
; MaquinaEstados:u_me|est.E_SEGUIR                                                            ; 23      ;
; LIDAR:u_lidar|VL53L0X:u_VL53L0X|app_state.A_TUNE                                            ; 22      ;
; LIDAR:u_lidar|VL53L0X:u_VL53L0X|idx[2]                                                      ; 22      ;
; LIDAR:u_lidar|VL53L0X:u_VL53L0X|val_r2[3]~0                                                 ; 21      ;
; LIDAR:u_lidar|VL53L0X:u_VL53L0X|txn_kind_r[1]                                               ; 21      ;
; MaquinaEstados:u_me|curva_cnt[16]~38                                                        ; 21      ;
; polarPWM:u_pwm|cur_grip[7]                                                                  ; 21      ;
; LIDAR:u_lidar|VL53L0X:u_VL53L0X|idx[0]~14                                                   ; 20      ;
; grab_ctrl:u_grab|Selector37~0                                                               ; 20      ;
; LIDAR:u_lidar|VL53L0X:u_VL53L0X|app_state.A_UPDATE                                          ; 20      ;
; polarPWM:u_pwm|cuenta[6]~54                                                                 ; 20      ;
; MaquinaEstados:u_me|est.E_Z_RECENTRO                                                        ; 20      ;
; polarPWM:u_pwm|cur_t3[7]                                                                    ; 20      ;
; polarPWM:u_pwm|cur_t3[6]                                                                    ; 20      ;
; polarPWM:u_pwm|cur_t2[6]                                                                    ; 20      ;
; polarPWM:u_pwm|cur_t1[7]                                                                    ; 20      ;
; polarPWM:u_pwm|cur_phi[6]                                                                   ; 20      ;
; grab_ctrl:u_grab|kinematics:u_kin|xi[23]~_Duplicate_1                                       ; 19      ;
; LIDAR:u_lidar|acc[21]~0                                                                     ; 19      ;
; LIDAR:u_lidar|VL53L0X:u_VL53L0X|txn_state.T_DONE                                            ; 19      ;
; polarPWM:u_pwm|ramp_cnt[13]~21                                                              ; 19      ;
; LIDAR:u_lidar|VL53L0X:u_VL53L0X|txn_step[0]~0                                               ; 19      ;
; MaquinaEstados:u_me|est.E_Z_CENTRO                                                          ; 19      ;
; polarPWM:u_pwm|cur_grip[6]                                                                  ; 19      ;
; polarPWM:u_pwm|cur_t1[6]                                                                    ; 19      ;
; polarPWM:u_pwm|cur_t2[7]                                                                    ; 19      ;
; polarPWM:u_pwm|cur_phi[7]                                                                   ; 19      ;
; LIDAR:u_lidar|Selector98~8                                                                  ; 18      ;
; LIDAR:u_lidar|VL53L0X:u_VL53L0X|Selector83~0                                                ; 17      ;
; grab_ctrl:u_grab|kinematics:u_kin|t1d[9]                                                    ; 17      ;
; LIDAR:u_lidar|VL53L0X:u_VL53L0X|txn_kind_r[0]                                               ; 17      ;
; MaquinaEstados:u_me|pivote:u_piv|fin_r                                                      ; 17      ;
; MaquinaEstados:u_me|WideOr1                                                                 ; 17      ;
; MaquinaEstados:u_me|est.E_Z_BORDE_B                                                         ; 17      ;
; sensor_der                                                                                  ; 16      ;
; sensor_izq                                                                                  ; 16      ;
; grab_ctrl:u_grab|kinematics:u_kin|Mux11~0                                                   ; 16      ;
; LIDAR:u_lidar|VL53L0X:u_VL53L0X|LessThan1~4                                                 ; 16      ;
; LIDAR:u_lidar|best_d[14]~0                                                                  ; 16      ;
; LIDAR:u_lidar|best_phi[6]~1                                                                 ; 16      ;
; MaquinaEstados:u_me|flt_der[9]~40                                                           ; 16      ;
; MaquinaEstados:u_me|flt_izq[5]~40                                                           ; 16      ;
; MaquinaEstados:u_me|pivote:u_piv|dur_cnt[14]~2                                              ; 16      ;
; MaquinaEstados:u_me|pivote:u_piv|dur_cnt[14]~0                                              ; 16      ;
; MaquinaEstados:u_me|pivote:u_piv|pst.P_KICK                                                 ; 16      ;
; MaquinaEstados:u_me|est.E_Z_BUSCA_B                                                         ; 16      ;
; grab_ctrl:u_grab|kinematics:u_kin|st.S_IK_SET                                               ; 15      ;
; LIDAR:u_lidar|t1_cur[0]~0                                                                   ; 15      ;
; LIDAR:u_lidar|VL53L0X:u_VL53L0X|txn_step[0]                                                 ; 15      ;
; LIDAR:u_lidar|VL53L0X:u_VL53L0X|txn_step[1]                                                 ; 15      ;
; LIDAR:u_lidar|VL53L0X:u_VL53L0X|txn_step[2]                                                 ; 15      ;
; grab_ctrl:u_grab|gst.G_HOLD                                                                 ; 15      ;
; MaquinaEstados:u_me|Equal5~7                                                                ; 15      ;
; MaquinaEstados:u_me|probe_dir                                                               ; 15      ;
; ~GND                                                                                        ; 14      ;
; MaquinaEstados:u_me|fsm~0                                                                   ; 14      ;
; grab_ctrl:u_grab|kinematics:u_kin|st.S_THETA1                                               ; 13      ;
; LIDAR:u_lidar|LessThan5~16                                                                  ; 13      ;
; MaquinaEstados:u_me|pivote:u_piv|pst.P_SETTLE                                               ; 13      ;
; MaquinaEstados:u_me|reentro                                                                 ; 13      ;
; MaquinaEstados:u_me|Equal0~6                                                                ; 13      ;
; MaquinaEstados:u_me|Equal0~5                                                                ; 13      ;
; MaquinaEstados:u_me|Equal0~4                                                                ; 13      ;
; MaquinaEstados:u_me|est.E_Z_BORDE_A                                                         ; 13      ;
; MaquinaEstados:u_me|est.E_Z_OFFSET                                                          ; 13      ;
; grab_ctrl:u_grab|kinematics:u_kin|th_fk[0]~0                                                ; 12      ;
; LIDAR:u_lidar|VL53L0X:u_VL53L0X|app_state.A_TUNE_WAIT                                       ; 12      ;
; LIDAR:u_lidar|st~21                                                                         ; 12      ;
; grab_ctrl:u_grab|gst.G_DROP                                                                 ; 12      ;
; MaquinaEstados:u_me|tgt_r~1                                                                 ; 12      ;
; MaquinaEstados:u_me|ultimo_giro.G_IZQ                                                       ; 12      ;
; LIDAR:u_lidar|VL53L0X:u_VL53L0X|e_phase[0]                                                  ; 12      ;
; LIDAR:u_lidar|VL53L0X:u_VL53L0X|e_phase[1]                                                  ; 12      ;
; grab_ctrl:u_grab|kinematics:u_kin|Add4~22                                                   ; 12      ;
; LIDAR:u_lidar|VL53L0X:u_VL53L0X|cur~17                                                      ; 11      ;
; LIDAR:u_lidar|st.S_REINIT                                                                   ; 11      ;
; LIDAR:u_lidar|LessThan0~7                                                                   ; 11      ;
; MaquinaEstados:u_me|WideOr3                                                                 ; 11      ;
; LIDAR:u_lidar|Add11~16                                                                      ; 11      ;
; grab_ctrl:u_grab|kinematics:u_kin|acos_idx[7]                                               ; 10      ;
; grab_ctrl:u_grab|kinematics:u_kin|acos_idx[6]                                               ; 10      ;
; grab_ctrl:u_grab|kinematics:u_kin|t1d[0]~0                                                  ; 10      ;
; LIDAR:u_lidar|VL53L0X:u_VL53L0X|op_r.OP_AND                                                 ; 10      ;
; grab_ctrl:u_grab|kinematics:u_kin|st.S_ACOS_SET                                             ; 10      ;
; MaquinaEstados:u_me|ultimo_giro.G_DER                                                       ; 10      ;
; MaquinaEstados:u_me|est.E_REARME                                                            ; 10      ;
; grab_ctrl:u_grab|kinematics:u_kin|trig_idx[3]~14                                            ; 9       ;
; grab_ctrl:u_grab|kinematics:u_kin|trig_idx[3]~10                                            ; 9       ;
; grab_ctrl:u_grab|kinematics:u_kin|ShiftRight1~5                                             ; 9       ;
; LIDAR:u_lidar|VL53L0X:u_VL53L0X|txn_rdata[0]                                                ; 9       ;
; LIDAR:u_lidar|VL53L0X:u_VL53L0X|Equal19~1                                                   ; 9       ;
; LIDAR:u_lidar|VL53L0X:u_VL53L0X|txn_nack                                                    ; 9       ;
; LIDAR:u_lidar|VL53L0X:u_VL53L0X|txn_reg[6]~1                                                ; 9       ;
; LIDAR:u_lidar|VL53L0X:u_VL53L0X|app_state.A_EXEC                                            ; 9       ;
; LIDAR:u_lidar|VL53L0X:u_VL53L0X|txn_state.T_WAIT                                            ; 9       ;
; MaquinaEstados:u_me|piv_ena                                                                 ; 9       ;
; MaquinaEstados:u_me|LessThan16~2                                                            ; 9       ;
; LIDAR:u_lidar|process_0~0                                                                   ; 9       ;
; LIDAR:u_lidar|VL53L0X:u_VL53L0X|e_bit[3]                                                    ; 9       ;
; MaquinaEstados:u_me|piv_dir                                                                 ; 9       ;
; MaquinaEstados:u_me|est.E_Z_BUSCA_A                                                         ; 9       ;
; LIDAR:u_lidar|VL53L0X:u_VL53L0X|e_st.ES_READ                                                ; 9       ;
; grab_ctrl:u_grab|kinematics:u_kin|Add29~40                                                  ; 9       ;
; LIDAR:u_lidar|VL53L0X:u_VL53L0X|idx[4]                                                      ; 9       ;
; LIDAR:u_lidar|VL53L0X:u_VL53L0X|msb_r[0]~3                                                  ; 8       ;
; LIDAR:u_lidar|navg[0]~26                                                                    ; 8       ;
; MaquinaEstados:u_me|Selector7~6                                                             ; 8       ;
; grab_ctrl:u_grab|kinematics:u_kin|trig_idx[3]~13                                            ; 8       ;
; LIDAR:u_lidar|VL53L0X:u_VL53L0X|eng_rd_data[7]~2                                            ; 8       ;
; LIDAR:u_lidar|VL53L0X:u_VL53L0X|rmw_val[7]~3                                                ; 8       ;
; LIDAR:u_lidar|VL53L0X:u_VL53L0X|sv_r[7]~0                                                   ; 8       ;
; grab_ctrl:u_grab|kinematics:u_kin|acos_idx[0]~0                                             ; 8       ;
; LIDAR:u_lidar|VL53L0X:u_VL53L0X|lsb_r[7]~2                                                  ; 8       ;
; LIDAR:u_lidar|VL53L0X:u_VL53L0X|txn_wdata[5]~0                                              ; 8       ;
; grab_ctrl:u_grab|kinematics:u_kin|ShiftRight1~6                                             ; 8       ;
; LIDAR:u_lidar|VL53L0X:u_VL53L0X|poll_cnt[7]~13                                              ; 8       ;
; LIDAR:u_lidar|VL53L0X:u_VL53L0X|poll_cnt[7]~10                                              ; 8       ;
; LIDAR:u_lidar|VL53L0X:u_VL53L0X|Selector64~1                                                ; 8       ;
; grab_ctrl:u_grab|kinematics:u_kin|o_t2_r[0]~6                                               ; 8       ;
; grab_ctrl:u_grab|kinematics:u_kin|o_t2_r[0]~5                                               ; 8       ;
; grab_ctrl:u_grab|kinematics:u_kin|o_t2_r[0]~2                                               ; 8       ;
; grab_ctrl:u_grab|kinematics:u_kin|o_t2_r[0]~0                                               ; 8       ;
; grab_ctrl:u_grab|kinematics:u_kin|phi_l[7]~1                                                ; 8       ;
; LIDAR:u_lidar|VL53L0X:u_VL53L0X|Selector96~0                                                ; 8       ;
; LIDAR:u_lidar|t1_cur[0]~1                                                                   ; 8       ;
; LIDAR:u_lidar|phi_cur[0]~2                                                                  ; 8       ;
; LIDAR:u_lidar|VL53L0X:u_VL53L0X|txn_state.T_ISSUE                                           ; 8       ;
; MaquinaEstados:u_me|Selector42~9                                                            ; 8       ;
; grab_ctrl:u_grab|gst.G_REST                                                                 ; 8       ;
; polarPWM:u_pwm|cur_grip[0]~3                                                                ; 8       ;
; polarPWM:u_pwm|cur_t3[6]~0                                                                  ; 8       ;
; polarPWM:u_pwm|cur_t2[6]~0                                                                  ; 8       ;
; polarPWM:u_pwm|cur_t1[7]~0                                                                  ; 8       ;
; polarPWM:u_pwm|cur_phi[7]~0                                                                 ; 8       ;
; MaquinaEstados:u_me|start_scan_r                                                            ; 8       ;
; grab_ctrl:u_grab|kinematics:u_kin|Add19~40                                                  ; 8       ;
; grab_ctrl:u_grab|kinematics:u_kin|Add19~14                                                  ; 8       ;
; grab_ctrl:u_grab|kinematics:u_kin|Add21~24                                                  ; 8       ;
; Add0~14                                                                                     ; 8       ;
; LIDAR:u_lidar|t1_cur[0]                                                                     ; 8       ;
; polarPWM:u_pwm|LessThan14~14                                                                ; 8       ;
; polarPWM:u_pwm|LessThan12~14                                                                ; 8       ;
; polarPWM:u_pwm|LessThan10~14                                                                ; 8       ;
; polarPWM:u_pwm|LessThan8~14                                                                 ; 8       ;
; grab_ctrl:u_grab|kinematics:u_kin|trig_idx[3]~18                                            ; 7       ;
; grab_ctrl:u_grab|kinematics:u_kin|ShiftRight0~84                                            ; 7       ;
; grab_ctrl:u_grab|kinematics:u_kin|yi[22]                                                    ; 7       ;
; grab_ctrl:u_grab|kinematics:u_kin|xi[22]~_Duplicate_1                                       ; 7       ;
; LIDAR:u_lidar|VL53L0X:u_VL53L0X|val_r2[3]                                                   ; 7       ;
; LIDAR:u_lidar|VL53L0X:u_VL53L0X|app_state.A_WAIT                                            ; 7       ;
; LIDAR:u_lidar|VL53L0X:u_VL53L0X|eng_wr_data[7]~4                                            ; 7       ;
; LIDAR:u_lidar|VL53L0X:u_VL53L0X|eng_wr_data[3]~1                                            ; 7       ;
; LIDAR:u_lidar|VL53L0X:u_VL53L0X|eng_wr_data[3]~0                                            ; 7       ;
; grab_ctrl:u_grab|kinematics:u_kin|st.S_ELBOW                                                ; 7       ;
; grab_ctrl:u_grab|kinematics:u_kin|st.S_IK                                                   ; 7       ;
; grab_ctrl:u_grab|kinematics:u_kin|zi[0]                                                     ; 7       ;
; grab_ctrl:u_grab|kinematics:u_kin|zi[7]                                                     ; 7       ;
; grab_ctrl:u_grab|kinematics:u_kin|o_t1_r[1]~2                                               ; 7       ;
; LIDAR:u_lidar|VL53L0X:u_VL53L0X|app_state.A_CAL_GO                                          ; 7       ;
; LIDAR:u_lidar|VL53L0X:u_VL53L0X|app_state.A_CAL_RESTORE                                     ; 7       ;
; LIDAR:u_lidar|VL53L0X:u_VL53L0X|e_shift[6]~2                                                ; 7       ;
; grab_ctrl:u_grab|kinematics:u_kin|Equal0~0                                                  ; 7       ;
; LIDAR:u_lidar|t1_hi[0]~2                                                                    ; 7       ;
; LIDAR:u_lidar|phi_hi[1]~1                                                                   ; 7       ;
; polarPWM:u_pwm|tgt_t3[7]~3                                                                  ; 7       ;
; LIDAR:u_lidar|VL53L0X:u_VL53L0X|e_q[3]~9                                                    ; 7       ;
; LIDAR:u_lidar|t1_dir[1]                                                                     ; 7       ;
; LIDAR:u_lidar|fine_ph                                                                       ; 7       ;
; grab_ctrl:u_grab|kinematics:u_kin|dn                                                        ; 7       ;
; grab_ctrl:u_grab|gst.G_SCANWAIT                                                             ; 7       ;
; MaquinaEstados:u_me|pivote:u_piv|LessThan0~4                                                ; 7       ;
; polarPWM:u_pwm|LessThan16~2                                                                 ; 7       ;
; LIDAR:u_lidar|VL53L0X:u_VL53L0X|tick_r                                                      ; 7       ;
; LIDAR:u_lidar|tick_prev                                                                     ; 7       ;
; LIDAR:u_lidar|recover_cnt[0]                                                                ; 7       ;
; MaquinaEstados:u_me|est.E_Z_AVANZA                                                          ; 7       ;
; LIDAR:u_lidar|VL53L0X:u_VL53L0X|e_st.ES_WRITE                                               ; 7       ;
; MaquinaEstados:u_me|tgt_r[13]                                                               ; 7       ;
; MaquinaEstados:u_me|tgt_l[12]                                                               ; 7       ;
; MaquinaEstados:u_me|tgt_l[13]                                                               ; 7       ;
; MaquinaEstados:u_me|tgt_l[14]                                                               ; 7       ;
; LIDAR:u_lidar|Add7~16                                                                       ; 7       ;
; LIDAR:u_lidar|LessThan5~14                                                                  ; 7       ;
; polarPWM:u_pwm|cuenta[19]                                                                   ; 7       ;
; polarPWM:u_pwm|cuenta[18]                                                                   ; 7       ;
; polarPWM:u_pwm|cuenta[17]                                                                   ; 7       ;
; polarPWM:u_pwm|cuenta[2]                                                                    ; 7       ;
; polarPWM:u_pwm|cuenta[3]                                                                    ; 7       ;
; polarPWM:u_pwm|cuenta[4]                                                                    ; 7       ;
; polarPWM:u_pwm|cuenta[5]                                                                    ; 7       ;
; polarPWM:u_pwm|cuenta[6]                                                                    ; 7       ;
; polarPWM:u_pwm|cuenta[7]                                                                    ; 7       ;
; polarPWM:u_pwm|cuenta[8]                                                                    ; 7       ;
; polarPWM:u_pwm|cuenta[9]                                                                    ; 7       ;
; polarPWM:u_pwm|cuenta[10]                                                                   ; 7       ;
; polarPWM:u_pwm|cuenta[11]                                                                   ; 7       ;
; polarPWM:u_pwm|cuenta[12]                                                                   ; 7       ;
; polarPWM:u_pwm|cuenta[13]                                                                   ; 7       ;
; polarPWM:u_pwm|cuenta[14]                                                                   ; 7       ;
; polarPWM:u_pwm|cuenta[15]                                                                   ; 7       ;
; polarPWM:u_pwm|cuenta[16]                                                                   ; 7       ;
; MaquinaEstados:u_me|pwm16[12]                                                               ; 7       ;
; grab_ctrl:u_grab|kinematics:u_kin|xi[3]                                                     ; 6       ;
; grab_ctrl:u_grab|kinematics:u_kin|xi[2]                                                     ; 6       ;
; grab_ctrl:u_grab|kinematics:u_kin|xi[1]                                                     ; 6       ;
; grab_ctrl:u_grab|kinematics:u_kin|Mux35~0                                                   ; 6       ;
; LIDAR:u_lidar|VL53L0X:u_VL53L0X|app_state.A_POLL_WAIT                                       ; 6       ;
; LIDAR:u_lidar|VL53L0X:u_VL53L0X|cal_phase                                                   ; 6       ;
; LIDAR:u_lidar|VL53L0X:u_VL53L0X|app_state.A_PWRUP                                           ; 6       ;
; grab_ctrl:u_grab|kinematics:u_kin|o_t3_r[0]~6                                               ; 6       ;
; grab_ctrl:u_grab|kinematics:u_kin|Add27~40                                                  ; 6       ;
; LIDAR:u_lidar|VL53L0X:u_VL53L0X|WideOr26~0                                                  ; 6       ;
; LIDAR:u_lidar|VL53L0X:u_VL53L0X|app_state.A_RANGE                                           ; 6       ;
; LIDAR:u_lidar|VL53L0X:u_VL53L0X|eng_done                                                    ; 6       ;
; LIDAR:u_lidar|Selector46~0                                                                  ; 6       ;
; LIDAR:u_lidar|LessThan8~2                                                                   ; 6       ;
; LIDAR:u_lidar|LessThan8~0                                                                   ; 6       ;
; LIDAR:u_lidar|LessThan6~3                                                                   ; 6       ;
; grab_ctrl:u_grab|kinematics:u_kin|st.S_IDLE                                                 ; 6       ;
; LIDAR:u_lidar|t1_dir[0]                                                                     ; 6       ;
; LIDAR:u_lidar|t1_cur[1]                                                                     ; 6       ;
; LIDAR:u_lidar|t1_cur[3]                                                                     ; 6       ;
; LIDAR:u_lidar|t1_cur[4]                                                                     ; 6       ;
; LIDAR:u_lidar|t1_cur[6]                                                                     ; 6       ;
; LIDAR:u_lidar|phi_step[3]                                                                   ; 6       ;
; LIDAR:u_lidar|phi_cur[6]                                                                    ; 6       ;
; grab_ctrl:u_grab|gst.G_IK                                                                   ; 6       ;
; MaquinaEstados:u_me|Selector34~2                                                            ; 6       ;
; LIDAR:u_lidar|recover_cnt[1]                                                                ; 6       ;
; LIDAR:u_lidar|VL53L0X:u_VL53L0X|Selector19~0                                                ; 6       ;
; LIDAR:u_lidar|VL53L0X:u_VL53L0X|eng_start                                                   ; 6       ;
; MaquinaEstados:u_me|WideOr1~0                                                               ; 6       ;
; LIDAR:u_lidar|VL53L0X:u_VL53L0X|e_st.ES_START                                               ; 6       ;
; grab_ctrl:u_grab|has_obj_r                                                                  ; 6       ;
; grab_ctrl:u_grab|kinematics:u_kin|Add31~12                                                  ; 6       ;
; LIDAR:u_lidar|t1_cur[7]                                                                     ; 6       ;
; LIDAR:u_lidar|t1_cur[2]                                                                     ; 6       ;
; LIDAR:u_lidar|t1_cur[5]                                                                     ; 6       ;
; LIDAR:u_lidar|phi_cur[0]                                                                    ; 6       ;
; grab_ctrl:u_grab|tmr[23]                                                                    ; 6       ;
; MaquinaEstados:u_me|paso_n[4]                                                               ; 6       ;
; grab_ctrl:u_grab|kinematics:u_kin|Selector26~0                                              ; 5       ;
; grab_ctrl:u_grab|kinematics:u_kin|yi[1]                                                     ; 5       ;
; grab_ctrl:u_grab|kinematics:u_kin|yi[2]                                                     ; 5       ;
; grab_ctrl:u_grab|kinematics:u_kin|yi[3]                                                     ; 5       ;
; LIDAR:u_lidar|VL53L0X:u_VL53L0X|cur~28                                                      ; 5       ;
; grab_ctrl:u_grab|kinematics:u_kin|xi[17]                                                    ; 5       ;
; grab_ctrl:u_grab|kinematics:u_kin|xi[16]                                                    ; 5       ;
; grab_ctrl:u_grab|kinematics:u_kin|xi[15]                                                    ; 5       ;
; grab_ctrl:u_grab|kinematics:u_kin|xi[14]                                                    ; 5       ;
; grab_ctrl:u_grab|kinematics:u_kin|xi[13]                                                    ; 5       ;
; grab_ctrl:u_grab|kinematics:u_kin|xi[12]                                                    ; 5       ;
; grab_ctrl:u_grab|kinematics:u_kin|xi[11]                                                    ; 5       ;
; grab_ctrl:u_grab|kinematics:u_kin|xi[10]                                                    ; 5       ;
; grab_ctrl:u_grab|kinematics:u_kin|xi[9]                                                     ; 5       ;
; grab_ctrl:u_grab|kinematics:u_kin|xi[8]                                                     ; 5       ;
; grab_ctrl:u_grab|kinematics:u_kin|xi[7]                                                     ; 5       ;
; grab_ctrl:u_grab|kinematics:u_kin|xi[6]                                                     ; 5       ;
; grab_ctrl:u_grab|kinematics:u_kin|xi[5]                                                     ; 5       ;
; grab_ctrl:u_grab|kinematics:u_kin|xi[4]                                                     ; 5       ;
; grab_ctrl:u_grab|kinematics:u_kin|xi[0]                                                     ; 5       ;
; LIDAR:u_lidar|VL53L0X:u_VL53L0X|idx[0]~18                                                   ; 5       ;
; LIDAR:u_lidar|VL53L0X:u_VL53L0X|idx[0]~12                                                   ; 5       ;
; LIDAR:u_lidar|VL53L0X:u_VL53L0X|txn_rdata[2]                                                ; 5       ;
; LIDAR:u_lidar|VL53L0X:u_VL53L0X|txn_rdata[1]                                                ; 5       ;
; LIDAR:u_lidar|VL53L0X:u_VL53L0X|Equal19~0                                                   ; 5       ;
; LIDAR:u_lidar|VL53L0X:u_VL53L0X|range_r[1]~0                                                ; 5       ;
; grab_ctrl:u_grab|kinematics:u_kin|st.S_FK                                                   ; 5       ;
; grab_ctrl:u_grab|kinematics:u_kin|o_t3_r[0]~4                                               ; 5       ;
; grab_ctrl:u_grab|kinematics:u_kin|Add27~59                                                  ; 5       ;
; grab_ctrl:u_grab|kinematics:u_kin|zi[1]                                                     ; 5       ;
; grab_ctrl:u_grab|kinematics:u_kin|zi[2]                                                     ; 5       ;
; grab_ctrl:u_grab|kinematics:u_kin|zi[3]                                                     ; 5       ;
; grab_ctrl:u_grab|kinematics:u_kin|zi[4]                                                     ; 5       ;
; grab_ctrl:u_grab|kinematics:u_kin|zi[5]                                                     ; 5       ;
; grab_ctrl:u_grab|kinematics:u_kin|zi[6]                                                     ; 5       ;
; grab_ctrl:u_grab|kinematics:u_kin|zi[8]                                                     ; 5       ;
; grab_ctrl:u_grab|kinematics:u_kin|zi[9]                                                     ; 5       ;
; grab_ctrl:u_grab|kinematics:u_kin|zi[10]                                                    ; 5       ;
; grab_ctrl:u_grab|kinematics:u_kin|zi[11]                                                    ; 5       ;
; grab_ctrl:u_grab|kinematics:u_kin|zi[12]                                                    ; 5       ;
; grab_ctrl:u_grab|kinematics:u_kin|zi[13]                                                    ; 5       ;
; grab_ctrl:u_grab|kinematics:u_kin|zi[14]                                                    ; 5       ;
; grab_ctrl:u_grab|kinematics:u_kin|zi[15]                                                    ; 5       ;
; grab_ctrl:u_grab|kinematics:u_kin|zi[16]                                                    ; 5       ;
; grab_ctrl:u_grab|kinematics:u_kin|zi[17]                                                    ; 5       ;
; grab_ctrl:u_grab|kinematics:u_kin|zi[18]                                                    ; 5       ;
; grab_ctrl:u_grab|kinematics:u_kin|zi[19]                                                    ; 5       ;
; grab_ctrl:u_grab|kinematics:u_kin|zi[20]                                                    ; 5       ;
; grab_ctrl:u_grab|kinematics:u_kin|zi[21]                                                    ; 5       ;
; grab_ctrl:u_grab|kinematics:u_kin|zi[22]                                                    ; 5       ;
; LIDAR:u_lidar|VL53L0X:u_VL53L0X|app_state.A_CAL_POLL                                        ; 5       ;
; LIDAR:u_lidar|VL53L0X:u_VL53L0X|app_state.A_POLL                                            ; 5       ;
; LIDAR:u_lidar|VL53L0X:u_VL53L0X|Selector108~0                                               ; 5       ;
; LIDAR:u_lidar|VL53L0X:u_VL53L0X|app_state.A_CLEAR                                           ; 5       ;
; LIDAR:u_lidar|VL53L0X:u_VL53L0X|app_state.A_CAL_CLR                                         ; 5       ;
; LIDAR:u_lidar|VL53L0X:u_VL53L0X|txn_state.T_IDLE                                            ; 5       ;
; LIDAR:u_lidar|best_phi[0]                                                                   ; 5       ;
; MaquinaEstados:u_me|pivote:u_piv|step_cnt~0                                                 ; 5       ;
; MaquinaEstados:u_me|paso_n[3]~23                                                            ; 5       ;
; MaquinaEstados:u_me|paso_n[3]~14                                                            ; 5       ;
; grab_ctrl:u_grab|kinematics:u_kin|reach_r                                                   ; 5       ;
; polarPWM:u_pwm|tgt_t1[6]~4                                                                  ; 5       ;
; polarPWM:u_pwm|tgt_phi[2]~6                                                                 ; 5       ;
; polarPWM:u_pwm|tgt_phi[2]~4                                                                 ; 5       ;
; LIDAR:u_lidar|Selector97~0                                                                  ; 5       ;
; LIDAR:u_lidar|st.S_SETTLE                                                                   ; 5       ;
; LIDAR:u_lidar|VL53L0X:u_VL53L0X|Equal7~0                                                    ; 5       ;
; LIDAR:u_lidar|process_0~3                                                                   ; 5       ;
; LIDAR:u_lidar|phi_cur[1]                                                                    ; 5       ;
; LIDAR:u_lidar|phi_cur[3]                                                                    ; 5       ;
; LIDAR:u_lidar|recover_cnt[1]~0                                                              ; 5       ;
; MaquinaEstados:u_me|trigger_drop_r                                                          ; 5       ;
; grab_ctrl:u_grab|gst.G_MOVE                                                                 ; 5       ;
; MaquinaEstados:u_me|est.E_SCAN_INI                                                          ; 5       ;
; MaquinaEstados:u_me|Selector107~0                                                           ; 5       ;
; MaquinaEstados:u_me|tcnt[10]~25                                                             ; 5       ;
; MaquinaEstados:u_me|est.E_SCAN_FIN                                                          ; 5       ;
; polarPWM:u_pwm|ramp_tick                                                                    ; 5       ;
; LIDAR:u_lidar|st.S_RECOVER                                                                  ; 5       ;
; LIDAR:u_lidar|VL53L0X:u_VL53L0X|tick~1                                                      ; 5       ;
; LIDAR:u_lidar|VL53L0X:u_VL53L0X|Equal0~1                                                    ; 5       ;
; LIDAR:u_lidar|VL53L0X:u_VL53L0X|e_bit[0]                                                    ; 5       ;
; LIDAR:u_lidar|VL53L0X:u_VL53L0X|Mux0~1                                                      ; 5       ;
; grab_ctrl:u_grab|gst.G_RELEASE                                                              ; 5       ;
; MaquinaEstados:u_me|ultimo_giro.G_RECTO                                                     ; 5       ;
; MaquinaEstados:u_me|LessThan14~4                                                            ; 5       ;
; MaquinaEstados:u_me|Selector6~2                                                             ; 5       ;
; MaquinaEstados:u_me|Selector4~2                                                             ; 5       ;
; LIDAR:u_lidar|VL53L0X:u_VL53L0X|e_st.ES_FIN                                                 ; 5       ;
; LIDAR:u_lidar|VL53L0X:u_VL53L0X|e_st.ES_STOP                                                ; 5       ;
; grab_ctrl:u_grab|kinematics:u_kin|Add0~14                                                   ; 5       ;
; grab_ctrl:u_grab|kinematics:u_kin|Add6~18                                                   ; 5       ;
; grab_ctrl:u_grab|kinematics:u_kin|Add3~18                                                   ; 5       ;
; grab_ctrl:u_grab|kinematics:u_kin|Add2~22                                                   ; 5       ;
; grab_ctrl:u_grab|kinematics:u_kin|Add31~44                                                  ; 5       ;
; polarPWM:u_pwm|Add0~16                                                                      ; 5       ;
; LIDAR:u_lidar|phi_cur[7]                                                                    ; 5       ;
; grab_ctrl:u_grab|tmr[25]                                                                    ; 5       ;
; MaquinaEstados:u_me|pwm16[15]                                                               ; 5       ;
; MaquinaEstados:u_me|pwm16[14]                                                               ; 5       ;
; MaquinaEstados:u_me|pwm16[13]                                                               ; 5       ;
; MaquinaEstados:u_me|pwm16[11]                                                               ; 5       ;
; MaquinaEstados:u_me|pwm16[9]                                                                ; 5       ;
; MaquinaEstados:u_me|pwm16[10]                                                               ; 5       ;
; MaquinaEstados:u_me|pwm16[8]                                                                ; 5       ;
; MaquinaEstados:u_me|pwm16[4]                                                                ; 5       ;
; MaquinaEstados:u_me|pwm16[3]                                                                ; 5       ;
; MaquinaEstados:u_me|pwm16[5]                                                                ; 5       ;
; MaquinaEstados:u_me|pwm16[6]                                                                ; 5       ;
; MaquinaEstados:u_me|pwm16[7]                                                                ; 5       ;
; MaquinaEstados:u_me|centro_n[0]~4                                                           ; 4       ;
; MaquinaEstados:u_me|Selector106~7                                                           ; 4       ;
; grab_ctrl:u_grab|kinematics:u_kin|Selector10~0                                              ; 4       ;
; grab_ctrl:u_grab|kinematics:u_kin|Selector9~0                                               ; 4       ;
; LIDAR:u_lidar|VL53L0X:u_VL53L0X|cur~34                                                      ; 4       ;
; grab_ctrl:u_grab|kinematics:u_kin|ShiftRight1~13                                            ; 4       ;
; grab_ctrl:u_grab|kinematics:u_kin|yi[0]                                                     ; 4       ;
; grab_ctrl:u_grab|kinematics:u_kin|yi[4]                                                     ; 4       ;
; grab_ctrl:u_grab|kinematics:u_kin|yi[5]                                                     ; 4       ;
; grab_ctrl:u_grab|kinematics:u_kin|yi[6]                                                     ; 4       ;
; grab_ctrl:u_grab|kinematics:u_kin|yi[7]                                                     ; 4       ;
; grab_ctrl:u_grab|kinematics:u_kin|yi[8]                                                     ; 4       ;
; grab_ctrl:u_grab|kinematics:u_kin|yi[9]                                                     ; 4       ;
; grab_ctrl:u_grab|kinematics:u_kin|yi[10]                                                    ; 4       ;
; grab_ctrl:u_grab|kinematics:u_kin|yi[11]                                                    ; 4       ;
; grab_ctrl:u_grab|kinematics:u_kin|yi[12]                                                    ; 4       ;
; grab_ctrl:u_grab|kinematics:u_kin|yi[13]                                                    ; 4       ;
; grab_ctrl:u_grab|kinematics:u_kin|yi[14]                                                    ; 4       ;
; grab_ctrl:u_grab|kinematics:u_kin|yi[15]                                                    ; 4       ;
; grab_ctrl:u_grab|kinematics:u_kin|yi[16]                                                    ; 4       ;
; grab_ctrl:u_grab|kinematics:u_kin|yi[17]                                                    ; 4       ;
; grab_ctrl:u_grab|kinematics:u_kin|yi[18]                                                    ; 4       ;
; grab_ctrl:u_grab|kinematics:u_kin|yi[19]                                                    ; 4       ;
; grab_ctrl:u_grab|kinematics:u_kin|yi[20]                                                    ; 4       ;
; grab_ctrl:u_grab|kinematics:u_kin|yi[21]                                                    ; 4       ;
; grab_ctrl:u_grab|kinematics:u_kin|ShiftRight0~5                                             ; 4       ;
; grab_ctrl:u_grab|kinematics:u_kin|ShiftRight1~4                                             ; 4       ;
; grab_ctrl:u_grab|kinematics:u_kin|xi[21]~_Duplicate_1                                       ; 4       ;
; grab_ctrl:u_grab|kinematics:u_kin|xi[20]~_Duplicate_1                                       ; 4       ;
; grab_ctrl:u_grab|kinematics:u_kin|xi[19]~_Duplicate_1                                       ; 4       ;
; grab_ctrl:u_grab|kinematics:u_kin|xi[18]~_Duplicate_1                                       ; 4       ;
; LIDAR:u_lidar|VL53L0X:u_VL53L0X|app_state.A_CAL_POLL_W                                      ; 4       ;
; LIDAR:u_lidar|VL53L0X:u_VL53L0X|app_state.A_CAL_STOP_W                                      ; 4       ;
; LIDAR:u_lidar|VL53L0X:u_VL53L0X|Equal17~5                                                   ; 4       ;
; LIDAR:u_lidar|VL53L0X:u_VL53L0X|app_state.A_RMW_WAIT                                        ; 4       ;
; LIDAR:u_lidar|VL53L0X:u_VL53L0X|txn_rdata[7]                                                ; 4       ;
; LIDAR:u_lidar|VL53L0X:u_VL53L0X|txn_rdata[6]                                                ; 4       ;
; LIDAR:u_lidar|VL53L0X:u_VL53L0X|txn_rdata[5]                                                ; 4       ;
; LIDAR:u_lidar|VL53L0X:u_VL53L0X|txn_rdata[4]                                                ; 4       ;
; LIDAR:u_lidar|VL53L0X:u_VL53L0X|txn_rdata[3]                                                ; 4       ;
; LIDAR:u_lidar|VL53L0X:u_VL53L0X|app_state.A_CAL_BEGIN                                       ; 4       ;
; LIDAR:u_lidar|VL53L0X:u_VL53L0X|cur~16                                                      ; 4       ;
; LIDAR:u_lidar|VL53L0X:u_VL53L0X|cur~14                                                      ; 4       ;
; grab_ctrl:u_grab|kinematics:u_kin|Selector1~0                                               ; 4       ;
; grab_ctrl:u_grab|ik_start                                                                   ; 4       ;
; LIDAR:u_lidar|VL53L0X:u_VL53L0X|txn_start                                                   ; 4       ;
; LIDAR:u_lidar|phi_cur[0]~0                                                                  ; 4       ;
; polarPWM:u_pwm|tgt_t2[5]~7                                                                  ; 4       ;
; polarPWM:u_pwm|tgt_t2[5]~6                                                                  ; 4       ;
; polarPWM:u_pwm|tgt_t2[5]~3                                                                  ; 4       ;
; LIDAR:u_lidar|VL53L0X:u_VL53L0X|e_bit[2]~0                                                  ; 4       ;
; LIDAR:u_lidar|process_0~2                                                                   ; 4       ;
; LIDAR:u_lidar|phi_cur[4]                                                                    ; 4       ;
; grab_ctrl:u_grab|Selector41~0                                                               ; 4       ;
; grab_ctrl:u_grab|LessThan0~9                                                                ; 4       ;
; LIDAR:u_lidar|scan_done_r                                                                   ; 4       ;
; MaquinaEstados:u_me|Selector46~2                                                            ; 4       ;
; MaquinaEstados:u_me|pivote:u_piv|LessThan1~1                                                ; 4       ;
; MaquinaEstados:u_me|pivote:u_piv|step_cnt[4]                                                ; 4       ;
; MaquinaEstados:u_me|pivote:u_piv|pst.P_IDLE                                                 ; 4       ;
; MaquinaEstados:u_me|pivote:u_piv|pst.P_DONE                                                 ; 4       ;
; MaquinaEstados:u_me|centro_n[0]~2                                                           ; 4       ;
; MaquinaEstados:u_me|Selector45~13                                                           ; 4       ;
; MaquinaEstados:u_me|est.E_Z_ACCION                                                          ; 4       ;
; MaquinaEstados:u_me|Selector47~0                                                            ; 4       ;
; LIDAR:u_lidar|VL53L0X:u_VL53L0X|Equal5~0                                                    ; 4       ;
; LIDAR:u_lidar|VL53L0X:u_VL53L0X|e_bit[1]                                                    ; 4       ;
; LIDAR:u_lidar|VL53L0X:u_VL53L0X|e_bit[2]                                                    ; 4       ;
; LIDAR:u_lidar|VL53L0X:u_VL53L0X|eng_cmd[1]                                                  ; 4       ;
; LIDAR:u_lidar|VL53L0X:u_VL53L0X|eng_cmd[0]                                                  ; 4       ;
; grab_ctrl:u_grab|gst.G_GRIP                                                                 ; 4       ;
; MaquinaEstados:u_me|pwm16[0]                                                                ; 4       ;
; MaquinaEstados:u_me|Selector4~5                                                             ; 4       ;
; MaquinaEstados:u_me|Equal5~5                                                                ; 4       ;
; MaquinaEstados:u_me|Equal5~4                                                                ; 4       ;
; LIDAR:u_lidar|VL53L0X:u_VL53L0X|e_phase[0]~6                                                ; 4       ;
; MaquinaEstados:u_me|tgt_r[16]                                                               ; 4       ;
; MaquinaEstados:u_me|tgt_r[3]                                                                ; 4       ;
; MaquinaEstados:u_me|tgt_r[10]                                                               ; 4       ;
; MaquinaEstados:u_me|tgt_l[16]                                                               ; 4       ;
; MaquinaEstados:u_me|tgt_l[3]                                                                ; 4       ;
; MaquinaEstados:u_me|tgt_l[10]                                                               ; 4       ;
; grab_ctrl:u_grab|kinematics:u_kin|Add8~28                                                   ; 4       ;
; grab_ctrl:u_grab|kinematics:u_kin|Add20~24                                                  ; 4       ;
; grab_ctrl:u_grab|kinematics:u_kin|lpm_mult:Mult4|mult_imt:auto_generated|op_1~10            ; 4       ;
; grab_ctrl:u_grab|kinematics:u_kin|lpm_mult:Mult4|mult_imt:auto_generated|op_1~8             ; 4       ;
; grab_ctrl:u_grab|kinematics:u_kin|lpm_mult:Mult4|mult_imt:auto_generated|op_1~6             ; 4       ;
; grab_ctrl:u_grab|kinematics:u_kin|lpm_mult:Mult4|mult_imt:auto_generated|op_1~4             ; 4       ;
; grab_ctrl:u_grab|kinematics:u_kin|lpm_mult:Mult4|mult_imt:auto_generated|op_1~2             ; 4       ;
; grab_ctrl:u_grab|kinematics:u_kin|lpm_mult:Mult4|mult_imt:auto_generated|op_1~0             ; 4       ;
; grab_ctrl:u_grab|kinematics:u_kin|lpm_mult:Mult4|mult_imt:auto_generated|w212w[17]          ; 4       ;
; grab_ctrl:u_grab|kinematics:u_kin|lpm_mult:Mult4|mult_imt:auto_generated|w212w[16]          ; 4       ;
; LIDAR:u_lidar|Add11~14                                                                      ; 4       ;
; LIDAR:u_lidar|Add11~12                                                                      ; 4       ;
; LIDAR:u_lidar|phi_cur[2]                                                                    ; 4       ;
; LIDAR:u_lidar|phi_cur[5]                                                                    ; 4       ;
; grab_ctrl:u_grab|tmr[26]                                                                    ; 4       ;
; grab_ctrl:u_grab|tmr[24]                                                                    ; 4       ;
; MaquinaEstados:u_me|flt_der[9]                                                              ; 4       ;
; MaquinaEstados:u_me|flt_der[8]                                                              ; 4       ;
; MaquinaEstados:u_me|flt_der[15]                                                             ; 4       ;
; MaquinaEstados:u_me|flt_der[14]                                                             ; 4       ;
; MaquinaEstados:u_me|flt_der[6]                                                              ; 4       ;
; MaquinaEstados:u_me|flt_der[4]                                                              ; 4       ;
; MaquinaEstados:u_me|flt_izq[9]                                                              ; 4       ;
; MaquinaEstados:u_me|flt_izq[8]                                                              ; 4       ;
; MaquinaEstados:u_me|flt_izq[15]                                                             ; 4       ;
; MaquinaEstados:u_me|flt_izq[14]                                                             ; 4       ;
; MaquinaEstados:u_me|flt_izq[6]                                                              ; 4       ;
; MaquinaEstados:u_me|flt_izq[4]                                                              ; 4       ;
; MaquinaEstados:u_me|paso_n[2]                                                               ; 4       ;
; MaquinaEstados:u_me|paso_n[3]                                                               ; 4       ;
; MaquinaEstados:u_me|paso_n[1]                                                               ; 4       ;
; MaquinaEstados:u_me|tcnt[23]                                                                ; 4       ;
; MaquinaEstados:u_me|tcnt[22]                                                                ; 4       ;
; MaquinaEstados:u_me|tcnt[21]                                                                ; 4       ;
; MaquinaEstados:u_me|tcnt[20]                                                                ; 4       ;
; MaquinaEstados:u_me|tcnt[19]                                                                ; 4       ;
; MaquinaEstados:u_me|tcnt[18]                                                                ; 4       ;
; MaquinaEstados:u_me|tcnt[17]                                                                ; 4       ;
; MaquinaEstados:u_me|tcnt[16]                                                                ; 4       ;
; MaquinaEstados:u_me|tcnt[15]                                                                ; 4       ;
; MaquinaEstados:u_me|tcnt[14]                                                                ; 4       ;
; MaquinaEstados:u_me|tcnt[13]                                                                ; 4       ;
; MaquinaEstados:u_me|tcnt[12]                                                                ; 4       ;
; MaquinaEstados:u_me|tcnt[11]                                                                ; 4       ;
; MaquinaEstados:u_me|tcnt[10]                                                                ; 4       ;
; LIDAR:u_lidar|wd_cnt[22]                                                                    ; 4       ;
; LIDAR:u_lidar|wd_cnt[23]                                                                    ; 4       ;
; MaquinaEstados:u_me|curva_cnt[20]                                                           ; 4       ;
; MaquinaEstados:u_me|Selector42~37                                                           ; 3       ;
; MaquinaEstados:u_me|Selector45~25                                                           ; 3       ;
; LIDAR:u_lidar|VL53L0X:u_VL53L0X|eng_rd_data[7]~3                                            ; 3       ;
; MaquinaEstados:u_me|Selector27~7                                                            ; 3       ;
; grab_ctrl:u_grab|kinematics:u_kin|Mux4~0                                                    ; 3       ;
; LIDAR:u_lidar|VL53L0X:u_VL53L0X|eng_wr_data[0]                                              ; 3       ;
; LIDAR:u_lidar|VL53L0X:u_VL53L0X|e_shift[0]                                                  ; 3       ;
; LIDAR:u_lidar|VL53L0X:u_VL53L0X|Selector112~0                                               ; 3       ;
; LIDAR:u_lidar|VL53L0X:u_VL53L0X|Equal19~3                                                   ; 3       ;
; LIDAR:u_lidar|VL53L0X:u_VL53L0X|Selector109~0                                               ; 3       ;
; LIDAR:u_lidar|VL53L0X:u_VL53L0X|WideOr37~1                                                  ; 3       ;
; grab_ctrl:u_grab|kinematics:u_kin|ShiftRight1~26                                            ; 3       ;
; grab_ctrl:u_grab|kinematics:u_kin|ShiftRight1~21                                            ; 3       ;
; grab_ctrl:u_grab|kinematics:u_kin|cosrom_q[0]                                               ; 3       ;
; grab_ctrl:u_grab|kinematics:u_kin|cosrom_q[1]                                               ; 3       ;
; grab_ctrl:u_grab|kinematics:u_kin|cosrom_q[2]                                               ; 3       ;
; grab_ctrl:u_grab|kinematics:u_kin|ShiftRight0~11                                            ; 3       ;
; grab_ctrl:u_grab|kinematics:u_kin|ShiftRight0~9                                             ; 3       ;
; grab_ctrl:u_grab|kinematics:u_kin|sinrom_q[0]                                               ; 3       ;
; grab_ctrl:u_grab|kinematics:u_kin|sinrom_q[1]                                               ; 3       ;
; grab_ctrl:u_grab|kinematics:u_kin|sinrom_q[2]                                               ; 3       ;
; grab_ctrl:u_grab|kinematics:u_kin|Mux31~1                                                   ; 3       ;
; grab_ctrl:u_grab|kinematics:u_kin|Mux31~0                                                   ; 3       ;
; LIDAR:u_lidar|VL53L0X:u_VL53L0X|cur~31                                                      ; 3       ;
; LIDAR:u_lidar|VL53L0X:u_VL53L0X|Equal21~1                                                   ; 3       ;
; LIDAR:u_lidar|VL53L0X:u_VL53L0X|Equal21~0                                                   ; 3       ;
; LIDAR:u_lidar|VL53L0X:u_VL53L0X|app_state.A_AFTER_INIT                                      ; 3       ;
; LIDAR:u_lidar|VL53L0X:u_VL53L0X|pwr_cnt[0]                                                  ; 3       ;
; LIDAR:u_lidar|VL53L0X:u_VL53L0X|op_r.OP_CHK_ID                                              ; 3       ;
; LIDAR:u_lidar|VL53L0X:u_VL53L0X|cur~20                                                      ; 3       ;
; grab_ctrl:u_grab|kinematics:u_kin|o_t3_r[0]~8                                               ; 3       ;
; grab_ctrl:u_grab|kinematics:u_kin|Add27~58                                                  ; 3       ;
; grab_ctrl:u_grab|kinematics:u_kin|Add27~57                                                  ; 3       ;
; grab_ctrl:u_grab|kinematics:u_kin|Add27~56                                                  ; 3       ;
; grab_ctrl:u_grab|kinematics:u_kin|Add27~55                                                  ; 3       ;
; grab_ctrl:u_grab|kinematics:u_kin|Add27~54                                                  ; 3       ;
; grab_ctrl:u_grab|kinematics:u_kin|Add27~53                                                  ; 3       ;
; grab_ctrl:u_grab|kinematics:u_kin|Add27~52                                                  ; 3       ;
; grab_ctrl:u_grab|kinematics:u_kin|Add27~51                                                  ; 3       ;
; grab_ctrl:u_grab|kinematics:u_kin|Add27~50                                                  ; 3       ;
; grab_ctrl:u_grab|kinematics:u_kin|t1d[4]                                                    ; 3       ;
; grab_ctrl:u_grab|kinematics:u_kin|t1d[5]                                                    ; 3       ;
; grab_ctrl:u_grab|kinematics:u_kin|t1d[1]                                                    ; 3       ;
; grab_ctrl:u_grab|kinematics:u_kin|t1d[0]                                                    ; 3       ;
; grab_ctrl:u_grab|kinematics:u_kin|t1d[2]                                                    ; 3       ;
; grab_ctrl:u_grab|kinematics:u_kin|t1d[3]                                                    ; 3       ;
; grab_ctrl:u_grab|kinematics:u_kin|t1d[6]                                                    ; 3       ;
; grab_ctrl:u_grab|kinematics:u_kin|t1d[7]                                                    ; 3       ;
; grab_ctrl:u_grab|kinematics:u_kin|t1d[8]                                                    ; 3       ;
; LIDAR:u_lidar|VL53L0X:u_VL53L0X|cur~19                                                      ; 3       ;
; LIDAR:u_lidar|VL53L0X:u_VL53L0X|WideOr41~0                                                  ; 3       ;
; LIDAR:u_lidar|VL53L0X:u_VL53L0X|app_state.A_CAL_STOP                                        ; 3       ;
; LIDAR:u_lidar|VL53L0X:u_VL53L0X|WideOr37~0                                                  ; 3       ;
; LIDAR:u_lidar|VL53L0X:u_VL53L0X|cur~15                                                      ; 3       ;
; LIDAR:u_lidar|VL53L0X:u_VL53L0X|txn_step[0]~3                                               ; 3       ;
; LIDAR:u_lidar|VL53L0X:u_VL53L0X|lsb_r[7]~0                                                  ; 3       ;
; LIDAR:u_lidar|Selector95~0                                                                  ; 3       ;
; LIDAR:u_lidar|best_t1[7]                                                                    ; 3       ;
; LIDAR:u_lidar|best_t1[0]                                                                    ; 3       ;
; LIDAR:u_lidar|best_t1[1]                                                                    ; 3       ;
; LIDAR:u_lidar|best_t1[2]                                                                    ; 3       ;
; LIDAR:u_lidar|best_t1[3]                                                                    ; 3       ;
; LIDAR:u_lidar|best_t1[4]                                                                    ; 3       ;
; LIDAR:u_lidar|best_t1[5]                                                                    ; 3       ;
; LIDAR:u_lidar|best_t1[6]                                                                    ; 3       ;
; LIDAR:u_lidar|best_phi[1]                                                                   ; 3       ;
; LIDAR:u_lidar|best_phi[2]                                                                   ; 3       ;
; LIDAR:u_lidar|best_phi[3]                                                                   ; 3       ;
; LIDAR:u_lidar|best_phi[4]                                                                   ; 3       ;
; LIDAR:u_lidar|best_phi[5]                                                                   ; 3       ;
; LIDAR:u_lidar|best_phi[6]                                                                   ; 3       ;
; LIDAR:u_lidar|best_d[3]                                                                     ; 3       ;
; LIDAR:u_lidar|best_d[4]                                                                     ; 3       ;
; LIDAR:u_lidar|best_d[5]                                                                     ; 3       ;
; LIDAR:u_lidar|best_d[6]                                                                     ; 3       ;
; LIDAR:u_lidar|best_d[7]                                                                     ; 3       ;
; LIDAR:u_lidar|best_d[8]                                                                     ; 3       ;
; LIDAR:u_lidar|best_d[9]                                                                     ; 3       ;
; LIDAR:u_lidar|best_d[10]                                                                    ; 3       ;
; LIDAR:u_lidar|best_d[11]                                                                    ; 3       ;
; LIDAR:u_lidar|best_d[12]                                                                    ; 3       ;
; LIDAR:u_lidar|best_d[13]                                                                    ; 3       ;
; LIDAR:u_lidar|best_d[14]                                                                    ; 3       ;
; LIDAR:u_lidar|best_d[15]                                                                    ; 3       ;
; LIDAR:u_lidar|best_phi[7]                                                                   ; 3       ;
; MaquinaEstados:u_me|paso_n[3]~17                                                            ; 3       ;
; MaquinaEstados:u_me|pivote:u_piv|Selector0~0                                                ; 3       ;
; MaquinaEstados:u_me|Selector46~9                                                            ; 3       ;
; MaquinaEstados:u_me|Selector46~4                                                            ; 3       ;
; grab_ctrl:u_grab|grab_t2[6]                                                                 ; 3       ;
; grab_ctrl:u_grab|grab_t2[4]                                                                 ; 3       ;
; grab_ctrl:u_grab|grab_t2[5]                                                                 ; 3       ;
; grab_ctrl:u_grab|grab_t2[3]                                                                 ; 3       ;
; grab_ctrl:u_grab|grab_t2[2]                                                                 ; 3       ;
; grab_ctrl:u_grab|grab_t2[0]                                                                 ; 3       ;
; grab_ctrl:u_grab|grab_t2[1]                                                                 ; 3       ;
; grab_ctrl:u_grab|grab_t2[7]                                                                 ; 3       ;
; grab_ctrl:u_grab|theta1_out[0]~7                                                            ; 3       ;
; polarPWM:u_pwm|tgt_phi[2]~7                                                                 ; 3       ;
; grab_ctrl:u_grab|grab_phi[6]                                                                ; 3       ;
; LIDAR:u_lidar|Selector98~7                                                                  ; 3       ;
; LIDAR:u_lidar|Equal0~1                                                                      ; 3       ;
; LIDAR:u_lidar|Equal0~0                                                                      ; 3       ;
; LIDAR:u_lidar|discard1                                                                      ; 3       ;
; LIDAR:u_lidar|Selector98~4                                                                  ; 3       ;
; LIDAR:u_lidar|process_0~1                                                                   ; 3       ;
; MaquinaEstados:u_me|pivote:u_piv|step_cnt[0]                                                ; 3       ;
; MaquinaEstados:u_me|pivote:u_piv|step_cnt[1]                                                ; 3       ;
; MaquinaEstados:u_me|pivote:u_piv|step_cnt[2]                                                ; 3       ;
; MaquinaEstados:u_me|pivote:u_piv|step_cnt[3]                                                ; 3       ;
; MaquinaEstados:u_me|pivote:u_piv|Selector25~2                                               ; 3       ;
; MaquinaEstados:u_me|pivote:u_piv|dur_cnt[13]                                                ; 3       ;
; MaquinaEstados:u_me|pivote:u_piv|dur_cnt[14]                                                ; 3       ;
; MaquinaEstados:u_me|pivote:u_piv|dur_cnt[15]                                                ; 3       ;
; MaquinaEstados:u_me|Selector40~0                                                            ; 3       ;
; MaquinaEstados:u_me|busca_tries[0]                                                          ; 3       ;
; MaquinaEstados:u_me|Selector42~12                                                           ; 3       ;
; MaquinaEstados:u_me|Selector45~24                                                           ; 3       ;
; MaquinaEstados:u_me|Selector45~23                                                           ; 3       ;
; MaquinaEstados:u_me|Selector46~0                                                            ; 3       ;
; MaquinaEstados:u_me|est.E_INICIO                                                            ; 3       ;
; MaquinaEstados:u_me|LessThan20~0                                                            ; 3       ;
; MaquinaEstados:u_me|est.E_DROP_WAIT                                                         ; 3       ;
; MaquinaEstados:u_me|fsm~1                                                                   ; 3       ;
; LIDAR:u_lidar|Selector159~0                                                                 ; 3       ;
; LIDAR:u_lidar|LessThan11~7                                                                  ; 3       ;
; LIDAR:u_lidar|VL53L0X:u_VL53L0X|Selector16~2                                                ; 3       ;
; MaquinaEstados:u_me|tcnt[10]~24                                                             ; 3       ;
; MaquinaEstados:u_me|Equal5~8                                                                ; 3       ;
; polarPWM:u_pwm|Mux58~0                                                                      ; 3       ;
; LIDAR:u_lidar|vl_soft_rst                                                                   ; 3       ;
; MaquinaEstados:u_me|tgt_r[4]                                                                ; 3       ;
; MaquinaEstados:u_me|tgt_r[5]                                                                ; 3       ;
; MaquinaEstados:u_me|tgt_r[7]                                                                ; 3       ;
; MaquinaEstados:u_me|tgt_r[11]                                                               ; 3       ;
; MaquinaEstados:u_me|tgt_r[15]                                                               ; 3       ;
; MaquinaEstados:u_me|tgt_l[4]                                                                ; 3       ;
; MaquinaEstados:u_me|tgt_l[5]                                                                ; 3       ;
; MaquinaEstados:u_me|tgt_l[7]                                                                ; 3       ;
; MaquinaEstados:u_me|tgt_l[11]                                                               ; 3       ;
; MaquinaEstados:u_me|tgt_l[15]                                                               ; 3       ;
; grab_ctrl:u_grab|kinematics:u_kin|Add14~38                                                  ; 3       ;
; grab_ctrl:u_grab|kinematics:u_kin|lpm_mult:Mult0|mult_0lt:auto_generated|mac_out2~DATAOUT21 ; 3       ;
; grab_ctrl:u_grab|kinematics:u_kin|lpm_mult:Mult2|mult_tit:auto_generated|mac_out2~DATAOUT26 ; 3       ;
; grab_ctrl:u_grab|kinematics:u_kin|lpm_mult:Mult3|mult_tit:auto_generated|mac_out2~DATAOUT26 ; 3       ;
; grab_ctrl:u_grab|kinematics:u_kin|lpm_mult:Mult1|mult_0lt:auto_generated|mac_out2~DATAOUT21 ; 3       ;
; grab_ctrl:u_grab|kinematics:u_kin|Add13~34                                                  ; 3       ;
; grab_ctrl:u_grab|kinematics:u_kin|Add17~2                                                   ; 3       ;
; grab_ctrl:u_grab|kinematics:u_kin|Add16~38                                                  ; 3       ;
; grab_ctrl:u_grab|kinematics:u_kin|Add23~36                                                  ; 3       ;
; grab_ctrl:u_grab|kinematics:u_kin|Add22~32                                                  ; 3       ;
; grab_ctrl:u_grab|kinematics:u_kin|Add25~36                                                  ; 3       ;
; grab_ctrl:u_grab|kinematics:u_kin|lpm_mult:Mult4|mult_imt:auto_generated|op_1~20            ; 3       ;
; grab_ctrl:u_grab|kinematics:u_kin|lpm_mult:Mult4|mult_imt:auto_generated|op_1~18            ; 3       ;
; grab_ctrl:u_grab|kinematics:u_kin|lpm_mult:Mult4|mult_imt:auto_generated|op_1~16            ; 3       ;
; grab_ctrl:u_grab|kinematics:u_kin|lpm_mult:Mult4|mult_imt:auto_generated|op_1~14            ; 3       ;
; grab_ctrl:u_grab|kinematics:u_kin|lpm_mult:Mult4|mult_imt:auto_generated|op_1~12            ; 3       ;
; LIDAR:u_lidar|Add11~10                                                                      ; 3       ;
; LIDAR:u_lidar|Add11~8                                                                       ; 3       ;
; LIDAR:u_lidar|Add11~6                                                                       ; 3       ;
; LIDAR:u_lidar|Add11~4                                                                       ; 3       ;
; LIDAR:u_lidar|Add11~2                                                                       ; 3       ;
; LIDAR:u_lidar|Add11~0                                                                       ; 3       ;
; LIDAR:u_lidar|Add9~14                                                                       ; 3       ;
; Add0~12                                                                                     ; 3       ;
; grab_ctrl:u_grab|tmr[14]                                                                    ; 3       ;
; grab_ctrl:u_grab|tmr[13]                                                                    ; 3       ;
; grab_ctrl:u_grab|tmr[12]                                                                    ; 3       ;
; grab_ctrl:u_grab|tmr[11]                                                                    ; 3       ;
; grab_ctrl:u_grab|tmr[7]                                                                     ; 3       ;
; grab_ctrl:u_grab|tmr[6]                                                                     ; 3       ;
; grab_ctrl:u_grab|tmr[8]                                                                     ; 3       ;
; grab_ctrl:u_grab|tmr[16]                                                                    ; 3       ;
; grab_ctrl:u_grab|tmr[20]                                                                    ; 3       ;
; grab_ctrl:u_grab|tmr[17]                                                                    ; 3       ;
; grab_ctrl:u_grab|tmr[15]                                                                    ; 3       ;
; grab_ctrl:u_grab|tmr[22]                                                                    ; 3       ;
; grab_ctrl:u_grab|tmr[21]                                                                    ; 3       ;
; MaquinaEstados:u_me|flt_der[7]                                                              ; 3       ;
; MaquinaEstados:u_me|flt_der[5]                                                              ; 3       ;
; MaquinaEstados:u_me|flt_izq[7]                                                              ; 3       ;
; MaquinaEstados:u_me|flt_izq[5]                                                              ; 3       ;
; MaquinaEstados:u_me|tcnt[9]                                                                 ; 3       ;
; MaquinaEstados:u_me|tcnt[8]                                                                 ; 3       ;
; MaquinaEstados:u_me|paso_n[0]                                                               ; 3       ;
; LIDAR:u_lidar|wd_cnt[13]                                                                    ; 3       ;
; LIDAR:u_lidar|wd_cnt[12]                                                                    ; 3       ;
; LIDAR:u_lidar|wd_cnt[11]                                                                    ; 3       ;
; LIDAR:u_lidar|wd_cnt[10]                                                                    ; 3       ;
; LIDAR:u_lidar|wd_cnt[2]                                                                     ; 3       ;
; LIDAR:u_lidar|wd_cnt[1]                                                                     ; 3       ;
; LIDAR:u_lidar|wd_cnt[0]                                                                     ; 3       ;
; LIDAR:u_lidar|wd_cnt[3]                                                                     ; 3       ;
; LIDAR:u_lidar|wd_cnt[4]                                                                     ; 3       ;
; LIDAR:u_lidar|wd_cnt[8]                                                                     ; 3       ;
; LIDAR:u_lidar|wd_cnt[7]                                                                     ; 3       ;
; LIDAR:u_lidar|wd_cnt[6]                                                                     ; 3       ;
; LIDAR:u_lidar|wd_cnt[5]                                                                     ; 3       ;
; LIDAR:u_lidar|wd_cnt[9]                                                                     ; 3       ;
; LIDAR:u_lidar|wd_cnt[14]                                                                    ; 3       ;
; LIDAR:u_lidar|wd_cnt[15]                                                                    ; 3       ;
; LIDAR:u_lidar|wd_cnt[16]                                                                    ; 3       ;
; LIDAR:u_lidar|wd_cnt[20]                                                                    ; 3       ;
; LIDAR:u_lidar|wd_cnt[19]                                                                    ; 3       ;
; LIDAR:u_lidar|wd_cnt[18]                                                                    ; 3       ;
; LIDAR:u_lidar|wd_cnt[17]                                                                    ; 3       ;
; LIDAR:u_lidar|wd_cnt[21]                                                                    ; 3       ;
; MaquinaEstados:u_me|lockout_cnt[24]                                                         ; 3       ;
; MaquinaEstados:u_me|curva_cnt[19]                                                           ; 3       ;
; MaquinaEstados:u_me|curva_cnt[16]                                                           ; 3       ;
; MaquinaEstados:u_me|curva_cnt[18]                                                           ; 3       ;
; MaquinaEstados:u_me|curva_cnt[17]                                                           ; 3       ;
; MaquinaEstados:u_me|curva_cnt[15]                                                           ; 3       ;
; MaquinaEstados:u_me|curva_cnt[14]                                                           ; 3       ;
; MaquinaEstados:u_me|curva_cnt[12]                                                           ; 3       ;
; MaquinaEstados:u_me|curva_cnt[11]                                                           ; 3       ;
; MaquinaEstados:u_me|curva_cnt[10]                                                           ; 3       ;
; MaquinaEstados:u_me|curva_cnt[13]                                                           ; 3       ;
; MaquinaEstados:u_me|curva_cnt[9]                                                            ; 3       ;
; MaquinaEstados:u_me|curva_cnt[8]                                                            ; 3       ;
; MaquinaEstados:u_me|curva_cnt[7]                                                            ; 3       ;
; MaquinaEstados:u_me|curva_cnt[6]                                                            ; 3       ;
; i2c_sda~0                                                                                   ; 2       ;
; MaquinaEstados:u_me|tgt_l~14                                                                ; 2       ;
; LIDAR:u_lidar|VL53L0X:u_VL53L0X|cur~39                                                      ; 2       ;
; grab_ctrl:u_grab|kinematics:u_kin|ShiftRight1~94                                            ; 2       ;
; grab_ctrl:u_grab|kinematics:u_kin|ShiftRight1~93                                            ; 2       ;
; grab_ctrl:u_grab|kinematics:u_kin|ShiftRight0~92                                            ; 2       ;
; grab_ctrl:u_grab|kinematics:u_kin|ShiftRight0~91                                            ; 2       ;
; MaquinaEstados:u_me|Selector33~4                                                            ; 2       ;
; MaquinaEstados:u_me|Selector49~5                                                            ; 2       ;
; LIDAR:u_lidar|VL53L0X:u_VL53L0X|e_phase[0]~10                                               ; 2       ;
; MaquinaEstados:u_me|Selector21~3                                                            ; 2       ;
; MaquinaEstados:u_me|Selector7~7                                                             ; 2       ;
; MaquinaEstados:u_me|Selector5~3                                                             ; 2       ;
; LIDAR:u_lidar|VL53L0X:u_VL53L0X|Mux38~0                                                     ; 2       ;
; LIDAR:u_lidar|VL53L0X:u_VL53L0X|Mux65~1                                                     ; 2       ;
; LIDAR:u_lidar|VL53L0X:u_VL53L0X|Mux65~0                                                     ; 2       ;
; LIDAR:u_lidar|VL53L0X:u_VL53L0X|cur~37                                                      ; 2       ;
; LIDAR:u_lidar|VL53L0X:u_VL53L0X|Mux37~0                                                     ; 2       ;
; LIDAR:u_lidar|VL53L0X:u_VL53L0X|txn_reg[1]                                                  ; 2       ;
; LIDAR:u_lidar|VL53L0X:u_VL53L0X|txn_wdata[1]                                                ; 2       ;
; LIDAR:u_lidar|VL53L0X:u_VL53L0X|txn_reg[0]                                                  ; 2       ;
; LIDAR:u_lidar|VL53L0X:u_VL53L0X|txn_wdata[0]                                                ; 2       ;
; LIDAR:u_lidar|VL53L0X:u_VL53L0X|Mux36~0                                                     ; 2       ;
; LIDAR:u_lidar|VL53L0X:u_VL53L0X|txn_reg[2]                                                  ; 2       ;
; LIDAR:u_lidar|VL53L0X:u_VL53L0X|cur~36                                                      ; 2       ;
; LIDAR:u_lidar|VL53L0X:u_VL53L0X|Selector103~0                                               ; 2       ;
; LIDAR:u_lidar|VL53L0X:u_VL53L0X|Mux54~2                                                     ; 2       ;
; LIDAR:u_lidar|VL53L0X:u_VL53L0X|Mux54~1                                                     ; 2       ;
; LIDAR:u_lidar|VL53L0X:u_VL53L0X|txn_reg[3]                                                  ; 2       ;
; grab_ctrl:u_grab|kinematics:u_kin|Mux1~1                                                    ; 2       ;
; grab_ctrl:u_grab|kinematics:u_kin|Mux0~0                                                    ; 2       ;
; grab_ctrl:u_grab|kinematics:u_kin|Mux4~2                                                    ; 2       ;
; grab_ctrl:u_grab|kinematics:u_kin|Mux4~1                                                    ; 2       ;
; grab_ctrl:u_grab|kinematics:u_kin|Mux15~1                                                   ; 2       ;
; grab_ctrl:u_grab|kinematics:u_kin|Mux18~16                                                  ; 2       ;
; grab_ctrl:u_grab|kinematics:u_kin|Mux19~16                                                  ; 2       ;
; grab_ctrl:u_grab|kinematics:u_kin|Mux18~0                                                   ; 2       ;
; grab_ctrl:u_grab|kinematics:u_kin|Mux21~12                                                  ; 2       ;
; LIDAR:u_lidar|VL53L0X:u_VL53L0X|Selector13~3                                                ; 2       ;
; LIDAR:u_lidar|VL53L0X:u_VL53L0X|Selector108~1                                               ; 2       ;
; LIDAR:u_lidar|VL53L0X:u_VL53L0X|txn_reg[4]                                                  ; 2       ;
; grab_ctrl:u_grab|kinematics:u_kin|cordic_ret.S_FK_POST                                      ; 2       ;
; grab_ctrl:u_grab|kinematics:u_kin|cosrom_q[13]                                              ; 2       ;
; grab_ctrl:u_grab|kinematics:u_kin|cosrom_q[12]                                              ; 2       ;
; grab_ctrl:u_grab|kinematics:u_kin|cosrom_q[6]                                               ; 2       ;
; grab_ctrl:u_grab|kinematics:u_kin|cosrom_q[5]                                               ; 2       ;
; grab_ctrl:u_grab|kinematics:u_kin|cosrom_q[4]                                               ; 2       ;
; grab_ctrl:u_grab|kinematics:u_kin|cosrom_q[3]                                               ; 2       ;
; grab_ctrl:u_grab|kinematics:u_kin|Selector6~2                                               ; 2       ;
; LIDAR:u_lidar|min_t1_r[0]                                                                   ; 2       ;
; grab_ctrl:u_grab|kinematics:u_kin|th_fk[0]                                                  ; 2       ;
; grab_ctrl:u_grab|kinematics:u_kin|th_fk[9]                                                  ; 2       ;
; grab_ctrl:u_grab|kinematics:u_kin|Add18~52                                                  ; 2       ;
; grab_ctrl:u_grab|kinematics:u_kin|sinrom_q[13]                                              ; 2       ;
; grab_ctrl:u_grab|kinematics:u_kin|sinrom_q[9]                                               ; 2       ;
; grab_ctrl:u_grab|kinematics:u_kin|sinrom_q[8]                                               ; 2       ;
; grab_ctrl:u_grab|kinematics:u_kin|sinrom_q[7]                                               ; 2       ;
; grab_ctrl:u_grab|kinematics:u_kin|sinrom_q[6]                                               ; 2       ;
; grab_ctrl:u_grab|kinematics:u_kin|sinrom_q[5]                                               ; 2       ;
; grab_ctrl:u_grab|kinematics:u_kin|sinrom_q[4]                                               ; 2       ;
; grab_ctrl:u_grab|kinematics:u_kin|sinrom_q[3]                                               ; 2       ;
; LIDAR:u_lidar|VL53L0X:u_VL53L0X|e_shift[1]                                                  ; 2       ;
; LIDAR:u_lidar|VL53L0X:u_VL53L0X|cur~35                                                      ; 2       ;
; LIDAR:u_lidar|VL53L0X:u_VL53L0X|Selector98~5                                                ; 2       ;
; LIDAR:u_lidar|VL53L0X:u_VL53L0X|Selector110~4                                               ; 2       ;
; LIDAR:u_lidar|VL53L0X:u_VL53L0X|e_shift[2]                                                  ; 2       ;
; grab_ctrl:u_grab|kinematics:u_kin|st.S_FK_POST                                              ; 2       ;
; grab_ctrl:u_grab|kinematics:u_kin|Mux22~0                                                   ; 2       ;
; LIDAR:u_lidar|VL53L0X:u_VL53L0X|eng_rd_data[7]                                              ; 2       ;
; LIDAR:u_lidar|VL53L0X:u_VL53L0X|eng_rd_data[6]                                              ; 2       ;
; LIDAR:u_lidar|VL53L0X:u_VL53L0X|eng_rd_data[5]                                              ; 2       ;
; LIDAR:u_lidar|VL53L0X:u_VL53L0X|eng_rd_data[4]                                              ; 2       ;
; LIDAR:u_lidar|VL53L0X:u_VL53L0X|eng_rd_data[3]                                              ; 2       ;
; LIDAR:u_lidar|VL53L0X:u_VL53L0X|eng_rd_data[2]                                              ; 2       ;
; LIDAR:u_lidar|VL53L0X:u_VL53L0X|eng_rd_data[1]                                              ; 2       ;
; LIDAR:u_lidar|VL53L0X:u_VL53L0X|eng_rd_data[0]                                              ; 2       ;
; LIDAR:u_lidar|VL53L0X:u_VL53L0X|cur~33                                                      ; 2       ;
; LIDAR:u_lidar|VL53L0X:u_VL53L0X|WideOr1                                                     ; 2       ;
; LIDAR:u_lidar|VL53L0X:u_VL53L0X|txn_wdata[6]                                                ; 2       ;
; LIDAR:u_lidar|VL53L0X:u_VL53L0X|e_shift[3]                                                  ; 2       ;
; grab_ctrl:u_grab|kinematics:u_kin|Selector26~2                                              ; 2       ;
; grab_ctrl:u_grab|kinematics:u_kin|Selector27~1                                              ; 2       ;
; grab_ctrl:u_grab|kinematics:u_kin|ShiftRight1~92                                            ; 2       ;
; grab_ctrl:u_grab|kinematics:u_kin|Selector28~2                                              ; 2       ;
; grab_ctrl:u_grab|kinematics:u_kin|ShiftRight1~91                                            ; 2       ;
; grab_ctrl:u_grab|kinematics:u_kin|Selector29~1                                              ; 2       ;
; grab_ctrl:u_grab|kinematics:u_kin|Selector30~2                                              ; 2       ;
; grab_ctrl:u_grab|kinematics:u_kin|Selector31~1                                              ; 2       ;
; grab_ctrl:u_grab|kinematics:u_kin|ShiftRight1~90                                            ; 2       ;
; grab_ctrl:u_grab|kinematics:u_kin|ShiftRight1~87                                            ; 2       ;
; grab_ctrl:u_grab|kinematics:u_kin|ShiftRight1~84                                            ; 2       ;
; grab_ctrl:u_grab|kinematics:u_kin|ShiftRight1~82                                            ; 2       ;
; grab_ctrl:u_grab|kinematics:u_kin|ShiftRight1~81                                            ; 2       ;
; grab_ctrl:u_grab|kinematics:u_kin|ShiftRight1~79                                            ; 2       ;
; grab_ctrl:u_grab|kinematics:u_kin|ShiftRight1~78                                            ; 2       ;
; grab_ctrl:u_grab|kinematics:u_kin|ShiftRight1~76                                            ; 2       ;
; grab_ctrl:u_grab|kinematics:u_kin|ShiftRight1~75                                            ; 2       ;
; grab_ctrl:u_grab|kinematics:u_kin|ShiftRight1~74                                            ; 2       ;
; grab_ctrl:u_grab|kinematics:u_kin|ShiftRight1~72                                            ; 2       ;
; grab_ctrl:u_grab|kinematics:u_kin|ShiftRight1~71                                            ; 2       ;
; grab_ctrl:u_grab|kinematics:u_kin|ShiftRight1~70                                            ; 2       ;
; grab_ctrl:u_grab|kinematics:u_kin|ShiftRight1~68                                            ; 2       ;
; grab_ctrl:u_grab|kinematics:u_kin|ShiftRight1~67                                            ; 2       ;
; grab_ctrl:u_grab|kinematics:u_kin|ShiftRight1~66                                            ; 2       ;
; grab_ctrl:u_grab|kinematics:u_kin|ShiftRight1~64                                            ; 2       ;
; grab_ctrl:u_grab|kinematics:u_kin|ShiftRight1~63                                            ; 2       ;
; grab_ctrl:u_grab|kinematics:u_kin|ShiftRight1~62                                            ; 2       ;
; grab_ctrl:u_grab|kinematics:u_kin|ShiftRight1~61                                            ; 2       ;
; grab_ctrl:u_grab|kinematics:u_kin|ShiftRight1~60                                            ; 2       ;
; grab_ctrl:u_grab|kinematics:u_kin|ShiftRight1~59                                            ; 2       ;
; grab_ctrl:u_grab|kinematics:u_kin|ShiftRight1~58                                            ; 2       ;
; grab_ctrl:u_grab|kinematics:u_kin|ShiftRight1~57                                            ; 2       ;
; grab_ctrl:u_grab|kinematics:u_kin|ShiftRight1~56                                            ; 2       ;
; grab_ctrl:u_grab|kinematics:u_kin|ShiftRight1~55                                            ; 2       ;
; grab_ctrl:u_grab|kinematics:u_kin|ShiftRight1~54                                            ; 2       ;
; grab_ctrl:u_grab|kinematics:u_kin|ShiftRight1~53                                            ; 2       ;
; grab_ctrl:u_grab|kinematics:u_kin|ShiftRight1~52                                            ; 2       ;
; grab_ctrl:u_grab|kinematics:u_kin|ShiftRight1~51                                            ; 2       ;
; grab_ctrl:u_grab|kinematics:u_kin|ShiftRight1~50                                            ; 2       ;
; grab_ctrl:u_grab|kinematics:u_kin|ShiftRight1~49                                            ; 2       ;
; grab_ctrl:u_grab|kinematics:u_kin|ShiftRight1~48                                            ; 2       ;
; grab_ctrl:u_grab|kinematics:u_kin|ShiftRight1~47                                            ; 2       ;
; grab_ctrl:u_grab|kinematics:u_kin|ShiftRight1~45                                            ; 2       ;
; grab_ctrl:u_grab|kinematics:u_kin|ShiftRight1~44                                            ; 2       ;
; grab_ctrl:u_grab|kinematics:u_kin|ShiftRight1~43                                            ; 2       ;
; grab_ctrl:u_grab|kinematics:u_kin|ShiftRight1~42                                            ; 2       ;
; grab_ctrl:u_grab|kinematics:u_kin|ShiftRight1~40                                            ; 2       ;
; grab_ctrl:u_grab|kinematics:u_kin|ShiftRight1~39                                            ; 2       ;
; grab_ctrl:u_grab|kinematics:u_kin|ShiftRight1~38                                            ; 2       ;
; grab_ctrl:u_grab|kinematics:u_kin|ShiftRight1~37                                            ; 2       ;
; grab_ctrl:u_grab|kinematics:u_kin|ShiftRight1~35                                            ; 2       ;
; grab_ctrl:u_grab|kinematics:u_kin|ShiftRight1~34                                            ; 2       ;
; grab_ctrl:u_grab|kinematics:u_kin|ShiftRight1~33                                            ; 2       ;
; grab_ctrl:u_grab|kinematics:u_kin|ShiftRight1~32                                            ; 2       ;
; grab_ctrl:u_grab|kinematics:u_kin|ShiftRight1~30                                            ; 2       ;
; grab_ctrl:u_grab|kinematics:u_kin|ShiftRight1~29                                            ; 2       ;
; grab_ctrl:u_grab|kinematics:u_kin|ShiftRight1~28                                            ; 2       ;
; grab_ctrl:u_grab|kinematics:u_kin|ShiftRight1~27                                            ; 2       ;
; grab_ctrl:u_grab|kinematics:u_kin|ShiftRight1~25                                            ; 2       ;
; grab_ctrl:u_grab|kinematics:u_kin|ShiftRight1~24                                            ; 2       ;
; grab_ctrl:u_grab|kinematics:u_kin|ShiftRight1~23                                            ; 2       ;
; grab_ctrl:u_grab|kinematics:u_kin|ShiftRight1~22                                            ; 2       ;
; grab_ctrl:u_grab|kinematics:u_kin|ShiftRight1~19                                            ; 2       ;
; grab_ctrl:u_grab|kinematics:u_kin|ShiftRight1~18                                            ; 2       ;
; grab_ctrl:u_grab|kinematics:u_kin|ShiftRight1~17                                            ; 2       ;
; grab_ctrl:u_grab|kinematics:u_kin|ShiftRight1~16                                            ; 2       ;
; grab_ctrl:u_grab|kinematics:u_kin|ShiftRight1~15                                            ; 2       ;
; grab_ctrl:u_grab|kinematics:u_kin|ShiftRight1~12                                            ; 2       ;
; grab_ctrl:u_grab|kinematics:u_kin|ShiftRight1~11                                            ; 2       ;
; grab_ctrl:u_grab|kinematics:u_kin|ShiftRight1~10                                            ; 2       ;
; grab_ctrl:u_grab|kinematics:u_kin|ShiftRight1~9                                             ; 2       ;
; grab_ctrl:u_grab|kinematics:u_kin|ShiftRight1~8                                             ; 2       ;
; grab_ctrl:u_grab|kinematics:u_kin|rw[11]                                                    ; 2       ;
; grab_ctrl:u_grab|kinematics:u_kin|ShiftRight0~90                                            ; 2       ;
; grab_ctrl:u_grab|kinematics:u_kin|ShiftRight0~87                                            ; 2       ;
; grab_ctrl:u_grab|kinematics:u_kin|ShiftRight0~83                                            ; 2       ;
; grab_ctrl:u_grab|kinematics:u_kin|ShiftRight0~81                                            ; 2       ;
; grab_ctrl:u_grab|kinematics:u_kin|ShiftRight0~80                                            ; 2       ;
; grab_ctrl:u_grab|kinematics:u_kin|ShiftRight0~78                                            ; 2       ;
; grab_ctrl:u_grab|kinematics:u_kin|ShiftRight0~77                                            ; 2       ;
; grab_ctrl:u_grab|kinematics:u_kin|ShiftRight0~75                                            ; 2       ;
; grab_ctrl:u_grab|kinematics:u_kin|ShiftRight0~74                                            ; 2       ;
; grab_ctrl:u_grab|kinematics:u_kin|ShiftRight0~73                                            ; 2       ;
; grab_ctrl:u_grab|kinematics:u_kin|ShiftRight0~71                                            ; 2       ;
; grab_ctrl:u_grab|kinematics:u_kin|ShiftRight0~70                                            ; 2       ;
; grab_ctrl:u_grab|kinematics:u_kin|ShiftRight0~69                                            ; 2       ;
; grab_ctrl:u_grab|kinematics:u_kin|ShiftRight0~67                                            ; 2       ;
; grab_ctrl:u_grab|kinematics:u_kin|ShiftRight0~66                                            ; 2       ;
; grab_ctrl:u_grab|kinematics:u_kin|ShiftRight0~65                                            ; 2       ;
; grab_ctrl:u_grab|kinematics:u_kin|ShiftRight0~63                                            ; 2       ;
; grab_ctrl:u_grab|kinematics:u_kin|ShiftRight0~62                                            ; 2       ;
; grab_ctrl:u_grab|kinematics:u_kin|ShiftRight0~61                                            ; 2       ;
; grab_ctrl:u_grab|kinematics:u_kin|ShiftRight0~60                                            ; 2       ;
; grab_ctrl:u_grab|kinematics:u_kin|ShiftRight0~59                                            ; 2       ;
; grab_ctrl:u_grab|kinematics:u_kin|ShiftRight0~58                                            ; 2       ;
; grab_ctrl:u_grab|kinematics:u_kin|ShiftRight0~57                                            ; 2       ;
; grab_ctrl:u_grab|kinematics:u_kin|ShiftRight0~56                                            ; 2       ;
; grab_ctrl:u_grab|kinematics:u_kin|ShiftRight0~55                                            ; 2       ;
; grab_ctrl:u_grab|kinematics:u_kin|ShiftRight0~54                                            ; 2       ;
; grab_ctrl:u_grab|kinematics:u_kin|ShiftRight0~53                                            ; 2       ;
; grab_ctrl:u_grab|kinematics:u_kin|ShiftRight0~52                                            ; 2       ;
; grab_ctrl:u_grab|kinematics:u_kin|ShiftRight0~51                                            ; 2       ;
; grab_ctrl:u_grab|kinematics:u_kin|ShiftRight0~50                                            ; 2       ;
; grab_ctrl:u_grab|kinematics:u_kin|ShiftRight0~49                                            ; 2       ;
; grab_ctrl:u_grab|kinematics:u_kin|ShiftRight0~48                                            ; 2       ;
; grab_ctrl:u_grab|kinematics:u_kin|ShiftRight0~47                                            ; 2       ;
; grab_ctrl:u_grab|kinematics:u_kin|ShiftRight0~46                                            ; 2       ;
; grab_ctrl:u_grab|kinematics:u_kin|ShiftRight0~44                                            ; 2       ;
; grab_ctrl:u_grab|kinematics:u_kin|ShiftRight0~43                                            ; 2       ;
; grab_ctrl:u_grab|kinematics:u_kin|ShiftRight0~42                                            ; 2       ;
; grab_ctrl:u_grab|kinematics:u_kin|ShiftRight0~41                                            ; 2       ;
; grab_ctrl:u_grab|kinematics:u_kin|ShiftRight0~39                                            ; 2       ;
; grab_ctrl:u_grab|kinematics:u_kin|ShiftRight0~38                                            ; 2       ;
; grab_ctrl:u_grab|kinematics:u_kin|ShiftRight0~37                                            ; 2       ;
; grab_ctrl:u_grab|kinematics:u_kin|ShiftRight0~36                                            ; 2       ;
; grab_ctrl:u_grab|kinematics:u_kin|ShiftRight0~34                                            ; 2       ;
; grab_ctrl:u_grab|kinematics:u_kin|ShiftRight0~33                                            ; 2       ;
; grab_ctrl:u_grab|kinematics:u_kin|ShiftRight0~32                                            ; 2       ;
; grab_ctrl:u_grab|kinematics:u_kin|ShiftRight0~31                                            ; 2       ;
; grab_ctrl:u_grab|kinematics:u_kin|ShiftRight0~29                                            ; 2       ;
; grab_ctrl:u_grab|kinematics:u_kin|ShiftRight0~28                                            ; 2       ;
; grab_ctrl:u_grab|kinematics:u_kin|ShiftRight0~27                                            ; 2       ;
; grab_ctrl:u_grab|kinematics:u_kin|ShiftRight0~26                                            ; 2       ;
; grab_ctrl:u_grab|kinematics:u_kin|ShiftRight0~25                                            ; 2       ;
+---------------------------------------------------------------------------------------------+---------+


+-----------------------------------------------------------------------------------------------------------------------------------------------------------------------------------------------------------------------------------------------------------------------------------------------------------------------------------------------------------------------------------------------------------------------------------------------------------------------------------------------------------------------------------------------------------------------------------------+
; Fitter RAM Summary                                                                                                                                                                                                                                                                                                                                                                                                                                                                                                                                                                      ;
+---------------------------------------------------------------------------------------------------+------+------+--------------+--------------+--------------+--------------+--------------+------------------------+-------------------------+------------------------+-------------------------+------+-----------------------------+-----------------------------+-----------------------------+-----------------------------+---------------------+------+--------------------------------------------------+------------+----------------------+-----------------+-----------------+
; Name                                                                                              ; Type ; Mode ; Clock Mode   ; Port A Depth ; Port A Width ; Port B Depth ; Port B Width ; Port A Input Registers ; Port A Output Registers ; Port B Input Registers ; Port B Output Registers ; Size ; Implementation Port A Depth ; Implementation Port A Width ; Implementation Port B Depth ; Implementation Port B Width ; Implementation Bits ; M4Ks ; MIF                                              ; Location   ; Mixed Width RDW Mode ; Port A RDW Mode ; Port B RDW Mode ;
+---------------------------------------------------------------------------------------------------+------+------+--------------+--------------+--------------+--------------+--------------+------------------------+-------------------------+------------------------+-------------------------+------+-----------------------------+-----------------------------+-----------------------------+-----------------------------+---------------------+------+--------------------------------------------------+------------+----------------------+-----------------+-----------------+
; grab_ctrl:u_grab|kinematics:u_kin|altsyncram:Mux2_rtl_0|altsyncram_hu11:auto_generated|ALTSYNCRAM ; AUTO ; ROM  ; Single Clock ; 256          ; 4            ; --           ; --           ; yes                    ; no                      ; --                     ; --                      ; 1024 ; 256                         ; 4                           ; --                          ; --                          ; 1024                ; 1    ; SeguidorLinea_Brazo.SeguidorLinea_Brazo0.rtl.mif ; M4K_X11_Y5 ; Don't care           ; Don't care      ; Don't care      ;
+---------------------------------------------------------------------------------------------------+------+------+--------------+--------------+--------------+--------------+--------------+------------------------+-------------------------+------------------------+-------------------------+------+-----------------------------+-----------------------------+-----------------------------+-----------------------------+---------------------+------+--------------------------------------------------+------------+----------------------+-----------------+-----------------+
Note: Fitter may spread logical memories into multiple blocks to improve timing. The actual required RAM blocks can be found in the Fitter Resource Usage section.


+-----------------------------------------------------------------------------------------------+
; Fitter DSP Block Usage Summary                                                                ;
+---------------------------------------+-------------+---------------------+-------------------+
; Statistic                             ; Number Used ; Available per Block ; Maximum Available ;
+---------------------------------------+-------------+---------------------+-------------------+
; Simple Multipliers (9-bit)            ; 0           ; 2                   ; 26                ;
; Simple Multipliers (18-bit)           ; 6           ; 1                   ; 13                ;
; Embedded Multiplier Blocks            ; 6           ; --                  ; 13                ;
; Embedded Multiplier 9-bit elements    ; 12          ; 2                   ; 26                ;
; Signed Embedded Multipliers           ; 5           ; --                  ; --                ;
; Unsigned Embedded Multipliers         ; 0           ; --                  ; --                ;
; Mixed Sign Embedded Multipliers       ; 1           ; --                  ; --                ;
; Variable Sign Embedded Multipliers    ; 0           ; --                  ; --                ;
; Dedicated Input Shift Register Chains ; 0           ; --                  ; --                ;
+---------------------------------------+-------------+---------------------+-------------------+


+-------------------------------------------------------------------------------------------------------------------------------------------------------------------------------------------------------------------------------------------------------------------------------------+
; DSP Block Details                                                                                                                                                                                                                                                                   ;
+---------------------------------------------------------------------------------------+----------------------------+-------------------+---------------------+--------------------------------+-----------------------+-----------------------+-------------------+-----------------+
; Name                                                                                  ; Mode                       ; Location          ; Sign Representation ; Has Input Shift Register Chain ; Data A Input Register ; Data B Input Register ; Pipeline Register ; Output Register ;
+---------------------------------------------------------------------------------------+----------------------------+-------------------+---------------------+--------------------------------+-----------------------+-----------------------+-------------------+-----------------+
; grab_ctrl:u_grab|kinematics:u_kin|lpm_mult:Mult4|mult_imt:auto_generated|mac_out4     ; Simple Multiplier (18-bit) ; DSPOUT_X16_Y3_N2  ;                     ; No                             ;                       ;                       ;                   ; no              ;
;    grab_ctrl:u_grab|kinematics:u_kin|lpm_mult:Mult4|mult_imt:auto_generated|mac_mult3 ;                            ; DSPMULT_X16_Y3_N0 ; Signed              ;                                ; no                    ; yes                   ; no                ;                 ;
; grab_ctrl:u_grab|kinematics:u_kin|lpm_mult:Mult4|mult_imt:auto_generated|w212w[0]     ; Simple Multiplier (18-bit) ; DSPOUT_X16_Y6_N2  ;                     ; No                             ;                       ;                       ;                   ; no              ;
;    grab_ctrl:u_grab|kinematics:u_kin|lpm_mult:Mult4|mult_imt:auto_generated|mac_mult1 ;                            ; DSPMULT_X16_Y6_N0 ; Variable            ;                                ; no                    ; no                    ; no                ;                 ;
; grab_ctrl:u_grab|kinematics:u_kin|lpm_mult:Mult1|mult_0lt:auto_generated|mac_out2     ; Simple Multiplier (18-bit) ; DSPOUT_X16_Y4_N2  ;                     ; No                             ;                       ;                       ;                   ; no              ;
;    grab_ctrl:u_grab|kinematics:u_kin|lpm_mult:Mult1|mult_0lt:auto_generated|mac_mult1 ;                            ; DSPMULT_X16_Y4_N0 ; Signed              ;                                ; no                    ; no                    ; no                ;                 ;
; grab_ctrl:u_grab|kinematics:u_kin|lpm_mult:Mult3|mult_tit:auto_generated|mac_out2     ; Simple Multiplier (18-bit) ; DSPOUT_X16_Y5_N2  ;                     ; No                             ;                       ;                       ;                   ; no              ;
;    grab_ctrl:u_grab|kinematics:u_kin|lpm_mult:Mult3|mult_tit:auto_generated|mac_mult1 ;                            ; DSPMULT_X16_Y5_N0 ; Signed              ;                                ; no                    ; yes                   ; no                ;                 ;
; grab_ctrl:u_grab|kinematics:u_kin|lpm_mult:Mult2|mult_tit:auto_generated|mac_out2     ; Simple Multiplier (18-bit) ; DSPOUT_X16_Y7_N2  ;                     ; No                             ;                       ;                       ;                   ; no              ;
;    grab_ctrl:u_grab|kinematics:u_kin|lpm_mult:Mult2|mult_tit:auto_generated|mac_mult1 ;                            ; DSPMULT_X16_Y7_N0 ; Signed              ;                                ; no                    ; yes                   ; no                ;                 ;
; grab_ctrl:u_grab|kinematics:u_kin|lpm_mult:Mult0|mult_0lt:auto_generated|mac_out2     ; Simple Multiplier (18-bit) ; DSPOUT_X16_Y1_N2  ;                     ; No                             ;                       ;                       ;                   ; no              ;
;    grab_ctrl:u_grab|kinematics:u_kin|lpm_mult:Mult0|mult_0lt:auto_generated|mac_mult1 ;                            ; DSPMULT_X16_Y1_N0 ; Signed              ;                                ; no                    ; no                    ; no                ;                 ;
+---------------------------------------------------------------------------------------+----------------------------+-------------------+---------------------+--------------------------------+-----------------------+-----------------------+-------------------+-----------------+


+-------------------------------------------------------+
; Other Routing Usage Summary                           ;
+-----------------------------+-------------------------+
; Other Routing Resource Type ; Usage                   ;
+-----------------------------+-------------------------+
; Block interconnects         ; 5,102 / 15,666 ( 33 % ) ;
; C16 interconnects           ; 7 / 812 ( < 1 % )       ;
; C4 interconnects            ; 2,146 / 11,424 ( 19 % ) ;
; Direct links                ; 1,115 / 15,666 ( 7 % )  ;
; Global clocks               ; 2 / 8 ( 25 % )          ;
; Local interconnects         ; 2,461 / 4,608 ( 53 % )  ;
; R24 interconnects           ; 41 / 652 ( 6 % )        ;
; R4 interconnects            ; 2,532 / 13,328 ( 19 % ) ;
+-----------------------------+-------------------------+


+-----------------------------------------------------------------------------+
; LAB Logic Elements                                                          ;
+---------------------------------------------+-------------------------------+
; Number of Logic Elements  (Average = 15.82) ; Number of LABs  (Total = 288) ;
+---------------------------------------------+-------------------------------+
; 1                                           ; 0                             ;
; 2                                           ; 0                             ;
; 3                                           ; 0                             ;
; 4                                           ; 0                             ;
; 5                                           ; 0                             ;
; 6                                           ; 0                             ;
; 7                                           ; 0                             ;
; 8                                           ; 0                             ;
; 9                                           ; 1                             ;
; 10                                          ; 0                             ;
; 11                                          ; 0                             ;
; 12                                          ; 2                             ;
; 13                                          ; 0                             ;
; 14                                          ; 10                            ;
; 15                                          ; 17                            ;
; 16                                          ; 258                           ;
+---------------------------------------------+-------------------------------+


+--------------------------------------------------------------------+
; LAB-wide Signals                                                   ;
+------------------------------------+-------------------------------+
; LAB-wide Signals  (Average = 1.44) ; Number of LABs  (Total = 288) ;
+------------------------------------+-------------------------------+
; 1 Async. clear                     ; 129                           ;
; 1 Clock                            ; 161                           ;
; 1 Clock enable                     ; 79                            ;
; 1 Sync. clear                      ; 21                            ;
; 1 Sync. load                       ; 5                             ;
; 2 Clock enables                    ; 21                            ;
+------------------------------------+-------------------------------+


+------------------------------------------------------------------------------+
; LAB Signals Sourced                                                          ;
+----------------------------------------------+-------------------------------+
; Number of Signals Sourced  (Average = 18.89) ; Number of LABs  (Total = 288) ;
+----------------------------------------------+-------------------------------+
; 0                                            ; 0                             ;
; 1                                            ; 2                             ;
; 2                                            ; 8                             ;
; 3                                            ; 0                             ;
; 4                                            ; 2                             ;
; 5                                            ; 0                             ;
; 6                                            ; 0                             ;
; 7                                            ; 0                             ;
; 8                                            ; 0                             ;
; 9                                            ; 1                             ;
; 10                                           ; 0                             ;
; 11                                           ; 0                             ;
; 12                                           ; 1                             ;
; 13                                           ; 2                             ;
; 14                                           ; 4                             ;
; 15                                           ; 10                            ;
; 16                                           ; 105                           ;
; 17                                           ; 15                            ;
; 18                                           ; 25                            ;
; 19                                           ; 10                            ;
; 20                                           ; 9                             ;
; 21                                           ; 9                             ;
; 22                                           ; 9                             ;
; 23                                           ; 15                            ;
; 24                                           ; 11                            ;
; 25                                           ; 6                             ;
; 26                                           ; 8                             ;
; 27                                           ; 6                             ;
; 28                                           ; 10                            ;
; 29                                           ; 6                             ;
; 30                                           ; 5                             ;
; 31                                           ; 2                             ;
; 32                                           ; 7                             ;
+----------------------------------------------+-------------------------------+


+---------------------------------------------------------------------------------+
; LAB Signals Sourced Out                                                         ;
+-------------------------------------------------+-------------------------------+
; Number of Signals Sourced Out  (Average = 8.87) ; Number of LABs  (Total = 288) ;
+-------------------------------------------------+-------------------------------+
; 0                                               ; 0                             ;
; 1                                               ; 7                             ;
; 2                                               ; 17                            ;
; 3                                               ; 24                            ;
; 4                                               ; 26                            ;
; 5                                               ; 19                            ;
; 6                                               ; 15                            ;
; 7                                               ; 7                             ;
; 8                                               ; 17                            ;
; 9                                               ; 17                            ;
; 10                                              ; 19                            ;
; 11                                              ; 21                            ;
; 12                                              ; 26                            ;
; 13                                              ; 16                            ;
; 14                                              ; 20                            ;
; 15                                              ; 15                            ;
; 16                                              ; 17                            ;
; 17                                              ; 2                             ;
; 18                                              ; 1                             ;
; 19                                              ; 0                             ;
; 20                                              ; 1                             ;
; 21                                              ; 0                             ;
; 22                                              ; 0                             ;
; 23                                              ; 0                             ;
; 24                                              ; 0                             ;
; 25                                              ; 1                             ;
+-------------------------------------------------+-------------------------------+


+------------------------------------------------------------------------------+
; LAB Distinct Inputs                                                          ;
+----------------------------------------------+-------------------------------+
; Number of Distinct Inputs  (Average = 16.79) ; Number of LABs  (Total = 288) ;
+----------------------------------------------+-------------------------------+
; 0                                            ; 0                             ;
; 1                                            ; 0                             ;
; 2                                            ; 0                             ;
; 3                                            ; 0                             ;
; 4                                            ; 3                             ;
; 5                                            ; 5                             ;
; 6                                            ; 11                            ;
; 7                                            ; 14                            ;
; 8                                            ; 17                            ;
; 9                                            ; 14                            ;
; 10                                           ; 13                            ;
; 11                                           ; 13                            ;
; 12                                           ; 17                            ;
; 13                                           ; 12                            ;
; 14                                           ; 8                             ;
; 15                                           ; 12                            ;
; 16                                           ; 16                            ;
; 17                                           ; 13                            ;
; 18                                           ; 7                             ;
; 19                                           ; 14                            ;
; 20                                           ; 11                            ;
; 21                                           ; 10                            ;
; 22                                           ; 8                             ;
; 23                                           ; 10                            ;
; 24                                           ; 7                             ;
; 25                                           ; 7                             ;
; 26                                           ; 4                             ;
; 27                                           ; 6                             ;
; 28                                           ; 3                             ;
; 29                                           ; 6                             ;
; 30                                           ; 9                             ;
; 31                                           ; 0                             ;
; 32                                           ; 7                             ;
; 33                                           ; 1                             ;
; 34                                           ; 3                             ;
; 35                                           ; 5                             ;
; 36                                           ; 2                             ;
+----------------------------------------------+-------------------------------+


+-------------------------------------------------------------------------+
; Fitter Device Options                                                   ;
+----------------------------------------------+--------------------------+
; Option                                       ; Setting                  ;
+----------------------------------------------+--------------------------+
; Enable user-supplied start-up clock (CLKUSR) ; Off                      ;
; Enable device-wide reset (DEV_CLRn)          ; Off                      ;
; Enable device-wide output enable (DEV_OE)    ; Off                      ;
; Enable INIT_DONE output                      ; Off                      ;
; Configuration scheme                         ; Active Serial            ;
; Error detection CRC                          ; Off                      ;
; nCEO                                         ; As output driving ground ;
; ASDO,nCSO                                    ; As input tri-stated      ;
; Reserve all unused pins                      ; As output driving ground ;
; Base pin-out file on sameframe device        ; Off                      ;
+----------------------------------------------+--------------------------+


+------------------------------------+
; Operating Settings and Conditions  ;
+---------------------------+--------+
; Setting                   ; Value  ;
+---------------------------+--------+
; Nominal Core Voltage      ; 1.20 V ;
; Low Junction Temperature  ; 0 °C   ;
; High Junction Temperature ; 85 °C  ;
+---------------------------+--------+


+-----------------+
; Fitter Messages ;
+-----------------+
Warning (20028): Parallel compilation is not licensed and has been disabled
Info (119006): Selected device EP2C5T144C7 for design "SeguidorLinea_Brazo"
Info (21077): Low junction temperature is 0 degrees C
Info (21077): High junction temperature is 85 degrees C
Info (171003): Fitter is performing an Auto Fit compilation, which may decrease Fitter effort to reduce compilation time
Warning (292013): Feature LogicLock is only available with a valid subscription license. You can purchase a software subscription to gain full access to this feature.
Info (176444): Device migration not selected. If you intend to use device migration later, you may need to change the pin assignments as they may be incompatible with other devices
    Info (176445): Device EP2C8T144C7 is compatible
Info (169124): Fitter converted 3 user pins into dedicated programming pins
    Info (169125): Pin ~ASDO~ is reserved at location 1
    Info (169125): Pin ~nCSO~ is reserved at location 2
    Info (169125): Pin ~LVDS41p/nCEO~ is reserved at location 76
Info (176045): Design uses memory blocks. Violating setup or hold times of memory block address registers for either read or write operations could cause memory contents to be corrupted. Make sure that all memory block address registers meet the setup and hold time requirements.
Critical Warning (332012): Synopsys Design Constraints File file not found: 'SeguidorLinea_Brazo.sdc'. A Synopsys Design Constraints File is required by the TimeQuest Timing Analyzer to get proper timing constraints. Without it, the Compiler will not properly optimize the design.
Info (332144): No user constrained base clocks found in the design
Info (332130): Timing requirements not specified -- quality metrics such as performance may be sacrificed to reduce compilation time.
Info (176353): Automatically promoted node clk (placed in PIN 17 (CLK0, LVDSCLK0p, Input))
    Info (176355): Automatically promoted destinations to use location or clock signal Global Clock CLKCTRL_G2
Info (176353): Automatically promoted node LIDAR:u_lidar|vl_rst 
    Info (176355): Automatically promoted destinations to use location or clock signal Global Clock
    Info (176356): Following destination nodes may be non-global or may not use global or regional clocks
        Info (176357): Destination node LIDAR:u_lidar|VL53L0X:u_VL53L0X|rmw_val[7]~3
Info (176233): Starting register packing
Info (176235): Finished register packing
    Extra Info (176218): Packed 32 registers into blocks of type Embedded multiplier block
    Extra Info (176220): Created 19 register duplicates
Info (171121): Fitter preparation operations ending: elapsed time is 00:00:02
Info (170189): Fitter placement preparation operations beginning
Info (170190): Fitter placement preparation operations ending: elapsed time is 00:00:03
Info (170191): Fitter placement operations beginning
Info (170137): Fitter placement was successful
Info (170192): Fitter placement operations ending: elapsed time is 00:00:09
Info (170193): Fitter routing operations beginning
Info (170195): Router estimated average interconnect usage is 16% of the available device resources
    Info (170196): Router estimated peak interconnect usage is 19% of the available device resources in the region that extends from location X14_Y0 to location X28_Y14
Info (170194): Fitter routing operations ending: elapsed time is 00:00:03
Info (170199): The Fitter performed an Auto Fit compilation.  Optimizations were skipped to reduce compilation time.
    Info (170201): Optimizations that may affect the design's routability were skipped
Info (11888): Total time spent on timing analysis during the Fitter is 3.25 seconds.
Info (306004): Started post-fitting delay annotation
Warning (306006): Found 14 output pins without output pin load capacitance assignment
    Info (306007): Pin "i2c_sda" has no specified output pin load capacitance -- assuming default load capacitance of 0 pF for timing analysis
    Info (306007): Pin "i2c_scl" has no specified output pin load capacitance -- assuming default load capacitance of 0 pF for timing analysis
    Info (306007): Pin "servo_phi" has no specified output pin load capacitance -- assuming default load capacitance of 0 pF for timing analysis
    Info (306007): Pin "servo_theta1" has no specified output pin load capacitance -- assuming default load capacitance of 0 pF for timing analysis
    Info (306007): Pin "servo_theta2" has no specified output pin load capacitance -- assuming default load capacitance of 0 pF for timing analysis
    Info (306007): Pin "servo_theta3" has no specified output pin load capacitance -- assuming default load capacitance of 0 pF for timing analysis
    Info (306007): Pin "servo_gripper" has no specified output pin load capacitance -- assuming default load capacitance of 0 pF for timing analysis
    Info (306007): Pin "motor_a1" has no specified output pin load capacitance -- assuming default load capacitance of 0 pF for timing analysis
    Info (306007): Pin "motor_a2" has no specified output pin load capacitance -- assuming default load capacitance of 0 pF for timing analysis
    Info (306007): Pin "motor_b1" has no specified output pin load capacitance -- assuming default load capacitance of 0 pF for timing analysis
    Info (306007): Pin "motor_b2" has no specified output pin load capacitance -- assuming default load capacitance of 0 pF for timing analysis
    Info (306007): Pin "led_1" has no specified output pin load capacitance -- assuming default load capacitance of 0 pF for timing analysis
    Info (306007): Pin "led_2" has no specified output pin load capacitance -- assuming default load capacitance of 0 pF for timing analysis
    Info (306007): Pin "led_3" has no specified output pin load capacitance -- assuming default load capacitance of 0 pF for timing analysis
Info (306005): Delay annotation completed successfully
Info (306004): Started post-fitting delay annotation
Info (306005): Delay annotation completed successfully
Info (11218): Fitter post-fit operations ending: elapsed time is 00:00:02
Info (176045): Design uses memory blocks. Violating setup or hold times of memory block address registers for either read or write operations could cause memory contents to be corrupted. Make sure that all memory block address registers meet the setup and hold time requirements.
Warning (169174): The Reserve All Unused Pins setting has not been specified, and will default to 'As output driving ground'.
Info (144001): Generated suppressed messages file D:/SeguidorLinea_Brazo/Codigo/output_files/SeguidorLinea_Brazo.fit.smsg
Info: Quartus II 64-Bit Fitter was successful. 0 errors, 5 warnings
    Info: Peak virtual memory: 4856 megabytes
    Info: Processing ended: Fri Jun 12 03:28:51 2026
    Info: Elapsed time: 00:00:24
    Info: Total CPU time (on all processors): 00:00:22


+----------------------------+
; Fitter Suppressed Messages ;
+----------------------------+
The suppressed messages can be found in D:/SeguidorLinea_Brazo/Codigo/output_files/SeguidorLinea_Brazo.fit.smsg.


